report_date,total_purchase_amt,zfb0,zfb1,zfb2,zfb3,bank0,bank1,bank2,bank3,bank4,bank5,bank6,bank7,bank8,bank9,bank10,bank11,share,
20130701,89813113,0,24111861,14460349,11507277,0,200952,2931522,9930,12683925,9116634,5349182,3573554,2317167,1759217,1311692,407214,72637
20130702,120814358,0,36060649,14808295,40611731,0,199784,992161,5121363,3736566,6142198,5024346,3363031,2690328,171503,1376068,439640,76695
20130703,99830106,0,14343481,23965240,34648969,0,345579,3226641,4013850,6081262,1911883,4886462,1894720,1557049,1350012,991650,511903,101405
20130704,145901690,0,29136926,42978907,39171988,0,4872951,3190486,2561079,4536907,3541984,9911756,1214429,1340932,1526834,939552,864155,112804
20130705,84773760,0,13746395,14351034,31337321,0,0,200096,3018277,1232957,6135587,7343372,2755319,2520924,656059,911311,443263,121845
20130706,59506459,0,5596207,6689716,38515893,0,0,0,12126,921353,1726473,849780,707389,1133377,2043280,683362,489547,137956
20130707,46789017,0,10505501,16263043,6337133,0,0,0,10167,758365,3228111,5582134,1192028,327949,797018,1260595,390181,136792
20130708,127070930,0,37028870,9200929,43258466,0,1372279,3059295,4979904,3885551,6232882,9709305,2754209,470518,1700840,2392815,894189,130878
20130709,127045030,0,33293723,8705429,62778552,0,2465312,9343,0,3991049,3596876,6450101,1586050,663620,1980324,1095261,289818,139572
20130710,94024796,0,23951729,17730421,22219467,0,2554295,2988109,2013339,3364474,4988638,6142988,2630859,1324266,2133489,1503738,318612,160372
20130711,92533829,0,19178499,27552906,20113861,0,1213239,3235417,0,215540,4540023,8333639,1823959,2865640,1401062,1206202,681668,172174
20130712,88590123,0,12645325,31880089,28026768,0,508764,0,0,251510,3022676,2604738,504226,2899323,3483766,2266189,317002,179747
20130713,44843315,0,9082824,7205021,16159806,0,1977592,0,0,0,1706714,2183644,360225,1521827,2738081,1390260,330732,186589
20130714,95595992,0,12880412,22728804,40098579,0,3005687,3003873,1562463,203715,1235457,5868325,633810,2271863,1418338,170820,337269,176577
20130715,154906446,0,28637487,16480642,73790746,0,201956,3246286,1994664,1263820,6886148,8385456,2590851,3658358,3536602,3190544,872944,169942
20130716,82754720,0,12638765,8530126,33566011,0,10222,99715,98167,896620,6837890,9278766,644774,2222878,5572682,1658970,517475,181659
20130717,149091732,0,16950235,57480139,41416067,0,1387994,3604909,314692,5492106,3457667,8912003,2726974,2203501,2560069,1571902,811391,202083
20130718,148988197,0,27590336,21820375,73027406,0,198540,203730,1095546,2471073,3450980,7760184,2351452,2390972,3436145,2370170,617219,204069
20130719,103432155,0,35722765,19403751,25312174,0,2195806,3089754,0,203615,3794192,4682743,3283032,2416762,904356,1212879,988749,221577
20130720,51379255,0,8692146,15798828,7616153,0,0,3973657,0,2697110,3095538,3405418,1956323,865004,1183440,1414156,446642,234840
20130721,114182489,0,54064688,21178599,18463540,0,509023,0,5202207,33,1891384,5264846,3735483,1382868,921351,634889,700835,232743
20130722,129240030,0,38487256,11384426,45885633,0,0,3132764,2027566,704594,4862048,10280508,5120875,1820217,2166404,2444549,699817,223373
20130723,100023603,0,33416833,12127688,20879994,0,4249425,6490614,0,1594744,2198483,7916303,3134654,3772600,1733735,1671287,600016,237227
20130724,124934446,0,51370438,26023442,14953108,0,98033,0,0,9668041,3637182,12195455,1870793,669311,2547282,1167545,471158,262658
20130725,128615656,0,33136546,33812723,26222889,0,196084,1007533,2023655,4401572,5090489,7286653,5532497,3678024,3036458,2270338,655830,264365
20130726,106171544,0,29345167,13823196,41451343,0,0,0,35937,6116803,2928526,6517654,1775028,1338603,1579259,357875,628107,274046
20130727,73916277,0,21937930,11042101,18947602,0,0,0,3054795,8034985,2684008,1422043,1272856,1355284,1703961,1578174,600246,282292
20130728,62626554,0,16652165,10030753,21634128,0,1088527,10058,73435,3240701,2041921,1232148,790815,1480838,1725871,1566807,775017,283370
20130729,165363143,0,46881074,12975603,72594459,0,0,235623,795917,7793161,5820477,9085812,1593255,3466735,749449,2720660,373646,277272
20130730,191812968,0,40550485,52688483,70196678,0,2015067,2998610,0,0,5348337,8397138,2019080,3474498,2550659,861161,422257,290515
20130731,138901835,0,20351926,42882153,44315912,0,3533764,97665,406893,0,5605970,10172858,2817654,3053135,2771240,1471600,1098794,322271
20130801,225245595,0,34823726,56856796,94446239,0,1023133,4924568,2088983,2191935,6626274,10677124,3645922,2381121,2563588,1764763,894093,337330
20130802,155842960,0,27422425,11771910,83104020,0,60,2971247,2816,2266712,3847400,7258832,9166425,1812891,3738198,1504119,622793,353112
20130803,75439704,0,23768140,11095037,18806459,0,0,3083730,1007529,18964,1252090,7896204,1446235,827282,3230607,1952983,685885,368559
20130804,72586562,0,12740430,16164488,26349379,0,3583981,3060760,0,594898,618872,3282757,1419141,1305985,1803431,998494,296848,367098
20130805,211681418,0,49043760,38111208,79842470,0,0,3122731,4014617,5773795,6987388,8527216,5435528,3328316,3649182,3156751,330666,357790
20130806,173791518,0,37769929,33935684,55548908,0,0,7237810,5977636,0,10399824,10414579,3330055,3819140,2228287,2023866,731880,373920
20130807,148706998,0,55787047,15919469,36934931,0,1761433,1213402,2163768,707059,15584567,7815699,3524754,3468421,1327909,1017104,1072340,409095
20130808,166870967,0,52944283,8518504,44766779,0,992498,184310,8622364,6867667,11550176,14843435,5765512,3930230,3632911,3102217,726461,423620
20130809,125302842,0,48904203,15108149,23646280,0,2485563,48908,8230086,708652,7468854,7426911,3188790,4067709,1363755,2063194,156723,435065
20130810,71389165,0,11717714,21520169,19047994,0,22889,2037883,0,508189,4052745,4051375,595836,2952008,2568645,1514938,354822,443958
20130811,97747045,0,27009953,32499469,11634062,0,0,0,0,4096872,3776423,10985051,2163912,452384,3247284,962324,479941,439370
20130812,167976431,0,28605319,50251909,53320941,0,19253,0,997080,3772346,5950014,12392566,5575531,2331172,2131136,1594098,607405,427661
20130813,209288691,0,34656934,14668940,114986897,0,512028,199,181241,6801700,10521741,16473515,4510245,1563447,1475569,1565472,929447,441316
20130814,179540557,0,42000249,22451072,74919681,0,492447,1010515,0,1313730,15704837,10298775,4509923,3205360,892096,1519342,753090,469440
20130815,137756016,0,36808424,18124607,29158734,0,497620,4890295,4192990,4306472,9222115,14271902,3765101,5537452,2762053,3313455,417598,487198
20130816,160827399,0,26839696,39475750,39640565,0,983375,0,0,5449503,27571678,8436446,3909223,1794134,2811425,2748224,671987,495393
20130817,74614450,0,23191906,8744849,7506288,0,1202151,0,0,1224208,8370032,9076366,6099259,2052198,4682867,1246183,714555,503588
20130818,102665299,0,32113194,24106174,18350164,0,1007748,0,0,3946423,8733616,4668962,2647530,1654933,2742202,1639965,552302,502086
20130819,191034645,0,81131062,39613387,24144204,0,1394332,204522,7076322,3173987,7874287,10893632,4259502,4154979,3015953,2965320,640506,492650
20130820,215278887,0,51864132,79176436,32661416,0,7019376,4894126,4143553,913698,11365098,9937012,4465313,1791893,3369026,2443826,720116,513866
20130821,179538060,0,63173513,23994187,41212645,0,3300046,2834351,228740,3367952,14959415,10380997,4691028,2320608,6679682,1220017,627450,547429
20130822,141263728,0,27506837,16156139,69394615,0,214826,0,1020871,4419692,6003254,2619536,3318574,4870236,2684547,1614835,880179,559587
20130823,170467134,0,25497994,59904812,53824949,0,303510,0,204134,409286,9897762,9043797,2938785,2731674,2548161,1763179,825132,573959
20130824,90286330,0,35022767,9091593,20919394,0,0,0,196016,2650656,5225070,8467202,1149949,1367631,3340913,1486553,787825,580761
20130825,102488268,0,35992486,15553169,23602873,0,487624,0,0,2179192,12358960,4106811,2613462,1101955,1868972,941613,1104404,576747
20130826,170342886,0,67146878,13144810,49669984,0,197716,1046536,4708204,4626189,4178010,14386682,2842315,3131971,2948918,1097219,662756,554698
20130827,201065197,0,93713214,18189752,42575115,0,0,2949000,197186,3208372,13453874,13639602,2321742,3488511,3087170,3024437,633135,584087
20130828,129007472,0,29511535,42044868,16892145,0,0,5298031,979495,1390546,7193676,12620469,3943179,3540741,1723702,2175201,1085330,608554
20130829,123008333,0,45313688,15388414,20442504,0,0,753462,0,4555904,7582392,17077074,2313603,2776915,4298563,808083,1027178,670553
20130830,167352846,0,45662950,45650664,32440354,0,224722,201980,0,5856020,11874759,11652844,2986065,3972493,2780105,2574467,757491,717932
20130831,105053756,0,19621205,23924464,27552509,0,0,2965614,10091,1933303,3595936,5834157,1917037,8745603,5808963,1824933,691271,628670
20130901,130597360,0,40500247,27293503,20373252,0,4949959,3353481,0,6466453,8590587,6606011,3619133,2353969,2164126,2864933,838312,623394
20130902,207386289,0,56670379,34422412,55725549,0,0,6805149,294133,2472879,22408531,13423913,3574069,3378587,4922252,1654922,897469,736045
20130903,172090108,0,44941840,25365158,47723423,0,1982242,0,6031076,5326311,9370936,13630720,3204440,3933825,7325767,2030076,587401,636893
20130904,246685377,0,40960532,36129965,114168719,0,5297389,1961012,2961046,3390440,13596304,10992691,6357056,3923891,4018513,1811799,445636,670384
20130905,193869240,0,69503701,20241491,44393291,0,1006439,0,7761022,11620929,11624519,9438948,6438207,3638998,3620515,3243608,655847,681725
20130906,176731156,0,45452223,11405929,75661245,0,0,0,5458671,1416650,15159914,10540418,2423970,2401835,2987642,1396658,1572470,853531
20130907,102583538,0,23205805,19115456,22120930,0,6518646,0,1286696,2824995,3431649,12937071,2381826,2916020,3407816,970022,754956,711650
20130908,98918622,0,27795451,8969634,14326223,0,5055274,2626109,3252251,2860868,8876343,13261360,3035368,2579511,2494632,2526511,556511,702576
20130909,213520532,0,42943312,33883257,66736866,0,6952195,4908254,4920439,7971110,9533538,18134008,3321945,5756733,4691150,1843568,1113050,811107
20130910,235334890,0,47357629,46214646,49578314,0,10174904,12167464,2662745,8583236,15809097,20719915,4881857,5782339,5575686,3451835,1566873,808350
20130911,156030112,0,42265394,26147336,19424408,0,0,9955741,6293253,6849737,12450838,15622466,5085639,2524365,4060796,3554110,1046709,749320
20130912,200890607,0,74778707,33655413,27944258,0,5399425,0,7078300,10186793,9325848,17986980,2133058,5480747,4810785,777403,565993,766897
20130913,138108652,0,25040050,25321715,22450932,0,3034416,5019327,7056968,11678639,10036003,10802531,1801498,6110341,5055467,2327465,1521794,851506
20130914,98337797,0,28994075,10005872,11510718,0,5210651,0,614063,10137451,1677897,15531850,2694321,3446289,4025433,2210974,1485900,792303
20130915,130360305,0,25482757,48447526,15062013,0,3073952,129986,1950852,1386209,12789340,8582543,1463116,4034980,3188380,2295655,1688749,784247
20130916,244970979,0,41624267,44414977,84522225,0,2946315,1384358,3368485,8550408,23394754,16568388,3212611,7313229,3119648,2877064,802870,871380
20130917,205792163,0,58771688,31020239,43061096,0,4628363,2218703,5845842,3942743,13244376,17673784,9198967,6789010,5104024,2674390,846281,772657
20130918,165970416,0,48871409,5531310,39379748,0,102254,4235059,1688959,18774454,12894617,18016011,2179495,4625351,5918755,2158891,727251,866852
20130919,90641505,0,25053919,21960107,15387980,0,998198,200822,0,2264345,2400214,7857577,2805933,6432859,1975195,1579790,893140,831426
20130920,78211465,0,26670997,11230569,9195020,0,1579107,696280,10067643,1457499,2468661,6067477,1790165,774954,2463414,1668510,1235521,845648
20130921,114655993,0,53028649,11300523,8391415,0,704944,196764,5550988,3372734,8719743,13606850,1216851,3240236,2556336,1035371,888926,845663
20130922,229705941,0,44052081,18863465,81927396,0,11480298,2014530,19766812,3172782,8297347,27107413,847675,5369043,2654814,2258441,1053268,840576
20130923,215173883,0,49151283,13448289,64181522,0,507773,201315,19599334,3535566,22448830,20713859,5607489,5854802,4679150,3227337,1198653,818681
20130924,220603453,0,35567085,49424874,85703575,0,99728,204380,196963,8111908,6658742,18853713,3940200,4515304,2282795,2780730,1386365,877091
20130925,178184987,0,33858775,17299426,45694895,0,11434198,4558556,2786856,14308363,12543271,17756812,7022595,3353912,3024456,2560275,1010871,971726
20130926,196326843,0,54497870,29850106,40653544,0,489270,702030,1559731,14401012,11257065,26408541,4164426,3902218,3920225,2888988,602344,1029473
20130927,257158567,0,51208906,12564571,112481740,0,6589925,7867043,2488114,6654985,16199896,22609491,3977429,6030964,3405051,3150453,942765,987234
20130928,118852653,0,28236224,8383681,31020045,0,3032413,507507,0,9657653,8769479,20470704,1933087,2143758,2118789,1401479,229936,947898
20130929,161394027,0,44711079,8472491,29357036,0,11526229,3609223,3087217,12208855,15680169,20065125,2382791,3654232,3497934,1520873,684169,936604
20130930,160072281,0,41365706,25406228,22434579,0,2071661,0,3977219,5234745,14052583,27495742,4045540,4953432,4736128,2266095,1110544,922079
20131001,58411310,0,10171793,4681203,11070487,0,2890490,99059,805944,5919010,2071629,8241099,1234552,3412980,5297116,777872,805231,932845
20131002,54721123,0,18914346,7456799,5297892,0,0,1952777,241484,2134543,631411,9072477,920429,1884543,3261224,752911,1223282,977005
20131003,64648545,0,18036348,15903012,7172986,0,0,3964963,4977206,0,921641,8916549,652056,811919,1525415,379699,407814,978937
20131004,66589920,0,31825792,2799189,8805499,0,1882,0,0,2179890,489078,8041038,1477211,2337168,5347470,1204649,1100210,980844
20131005,54212404,0,15067129,4236876,8412512,0,0,0,401330,4114832,4816631,7815249,1559870,2363309,1618202,1975002,850711,980751
20131006,70693085,0,19538240,2651051,11949538,0,0,0,2728332,1675198,4968695,15754841,939733,4741242,2881942,1213265,680765,970243
20131007,192110784,0,75091584,25562973,26243335,0,0,5395859,3800540,9889888,13881757,14767371,4985319,4903208,2227596,2972199,1425005,964150
20131008,400213868,0,61185124,64778097,152014915,0,6331007,5483016,10454106,8007860,29049991,36666882,3967712,13163836,3680030,3312343,1037913,1081036
20131009,274434171,0,64634164,28158977,57709516,0,12995815,11464604,3955625,9680201,24451281,34698510,8120384,7667234,6593965,2344644,1000581,958670
20131010,293972112,0,45445720,43347332,55088851,0,20023661,7755824,7382269,18417821,27908744,38238259,6669859,9056118,6972120,5188066,1483950,993518
20131011,289116360,0,82483146,31553876,63884125,0,10115156,3068852,8404606,10059212,30112864,27417872,4206504,7590028,5276211,2603689,1331352,1008867
20131012,314468363,0,153558328,43721605,29964536,0,15694173,0,489947,7732960,8797651,34109089,5109930,4920730,4804796,3344639,1190357,1029622
20131013,182858328,0,58224643,8427676,33999865,0,12165624,2042111,1832588,3890747,9170174,34917553,2195056,6405574,3457146,3874776,1233966,1020829
20131014,417460081,0,74506250,128225307,77076877,0,15937810,1901169,4664136,7030541,23514230,54383097,5727203,11730462,5187442,5548507,1035693,991357
20131015,346614200,0,55586320,56034946,106119376,0,10534591,2698661,7788048,18288094,21101754,30639603,5948946,10345964,10621003,7784489,2057199,1065206
20131016,363420403,0,51995983,66840552,81894824,0,26060255,2070917,2816324,14365712,32244491,48713488,8558126,9451886,11602407,3934363,1749693,1121382
20131017,296070297,0,43246615,30187303,55493302,0,9862243,5553391,5032063,27970132,25619198,55279110,11667875,12228988,6021703,4968423,1808568,1131383
20131018,236454735,0,57540612,37631543,37685351,0,93661,3547098,9750952,17997529,19317970,27028954,6859737,5046897,8665388,2603311,1523543,1162189
20131019,198958559,0,52465636,17871766,50342571,0,6718648,1959785,4883780,10450546,7890951,24193172,6509769,1115677,8667593,3104682,1615377,1168606
20131020,187152905,0,45229363,23238704,27792952,0,1470733,5956471,122226,6490203,14204088,42094163,3054718,5786981,6410668,2876069,1262723,1162843
20131021,386053376,0,97900707,42593399,96159812,0,7185910,3058869,3162301,17488376,23480302,54837152,10795036,12822064,8452126,5703952,1207207,1206163
20131022,355931275,0,72909612,39390377,69216472,0,10041365,6312292,5047317,29846836,47772609,43233407,5870476,12288245,7182676,3386875,2279277,1153439
20131023,354289136,0,104971426,21076283,83591699,0,17850794,5003592,16681604,7531895,25417053,43406104,6778839,8226383,7113887,3941083,1471898,1226596
20131024,298758783,0,97279149,20176471,31863586,0,24376784,6985880,7085214,17255837,29790707,38658812,4491496,8965611,5342637,3235951,2001833,1248815
20131025,267017153,0,70397855,40540723,25453603,0,8478814,4055275,7058800,11839348,19357926,53455823,5113690,9667602,5670081,3127539,1544073,1256001
20131026,252249276,0,81310596,19647764,55337803,0,15301608,2949118,11220420,6865474,16019118,28511504,1420625,4038757,4401115,3261686,690264,1273424
20131027,150344030,0,42076140,13887857,13310089,0,12643296,4071422,4771996,15168795,6930650,15559003,5803549,6084722,5654266,2433478,682540,1266227
20131028,459922019,0,109131000,65312003,66990116,0,22419966,9574344,12958621,34568707,48745430,55334937,13262667,10660183,3375869,3760470,2597798,1229908
20131029,442440394,0,40380335,109168898,111058080,0,9154963,489596,10795570,18503575,60416772,44807289,17041490,7287701,5644124,3770625,2650026,1271350
20131030,416808511,0,66595893,58720121,69607235,0,18390739,9180954,7043968,30733758,49507933,72438488,10407410,10692081,7135356,3106674,1901342,1346559
20131031,317970797,0,56982003,21478927,61608821,0,12032946,1022931,15070074,31589781,33901677,53840823,8572607,9783533,5013281,3370641,2322249,1380503
20131101,402779908,0,128976799,16924619,71210544,0,25602991,300,13588983,22154645,38866292,55176744,7549991,8911981,6331391,3579138,2511565,1393925
20131102,269181203,0,78039881,17894400,25974572,0,26839428,976677,14559136,16474645,11577927,54078422,7534596,3056346,5158476,3731862,1876602,1408233
20131103,274526001,0,32446887,16261191,88283920,0,8577044,993576,14339343,11676178,28400396,42441443,15567414,7338136,2656472,2446166,1703074,1394761
20131104,398719844,0,88184258,79151282,66084330,0,31886692,1968786,12297959,19657397,29090611,41525407,9878468,6384082,6316149,2760484,2148949,1384990
20131105,552606084,0,102306133,88682745,72232750,0,9935101,10250952,3663539,33709956,54203169,76821326,14709202,23289632,23902862,23291589,14196662,1410466
20131106,680731675,0,71424051,119625735,123260184,0,21753243,8504565,16813033,43087708,62437929,99057590,19439942,24070055,26016321,26306559,17448143,1486617
20131107,714661126,0,78822727,71038161,123863229,0,33591666,8394011,30085435,57249620,70348872,100675708,28303529,25145212,31013768,32239807,22359212,1530169
20131108,599073316,0,139469573,85117849,45225451,0,16100559,11160296,20309441,24819859,50072702,83422124,25404970,29042043,22137214,26900715,18315056,1575464
20131109,413232038,0,66214895,31862009,49606274,0,17745713,10876571,3495560,15320274,52782546,64573593,21164976,17559844,20700445,19427117,20281562,1620659
20131110,503754820,0,75490987,39267241,64690554,0,19933128,8267969,8135310,24210254,43648822,84923128,13751860,27679823,24416630,30690860,37040868,1607386
20131111,568392496,0,170247399,45925287,80868657,0,24458407,17701890,17441769,34300239,63530834,66206305,12713355,10427007,10825026,7681916,4209871,1854534
20131112,576579651,0,122857454,132158496,67924765,0,31971565,8122270,17663441,46323108,51623505,55248735,13000817,13376025,7673653,4359825,2462874,1813118
20131113,593090347,0,155443921,127223254,70025552,0,17581733,8426675,23660001,28879923,42830757,73468811,10022326,19025519,7171668,5395428,2087810,1846969
20131114,488635145,0,105153737,64116802,67599611,0,12023143,22132246,14498954,47851612,62902267,51838122,16237241,7994285,7206854,4893404,2395367,1791500
20131115,450794762,0,103262430,65931574,52030069,0,13978358,7040295,25637930,36598895,33816583,60537384,16827302,13205011,9439921,6851531,3596318,2041161
20131116,316633052,0,62334275,41812735,42267229,0,1354206,9658160,8901713,22404603,36006461,45616985,11640924,15173953,9599041,5553561,2457529,1851677
20131117,490372314,0,96295518,147104378,50168026,0,1536264,8393839,20991884,19391912,38751122,62780928,11557979,13976431,7990872,6969742,2628271,1835148
20131118,522189427,0,94069942,106995933,82906304,0,13620942,10132847,22321421,29299861,46854496,68381451,12658820,14498834,10522552,5309930,2783429,1832665
20131119,581096699,0,154332959,47896717,71443388,0,38842137,17398514,22636645,39101743,53132855,79768083,20905383,15987324,9517001,6217469,2041388,1875093
20131120,574718176,0,145706865,96642604,57541997,0,23439482,20365414,23789407,20161016,51817801,82149755,12198397,19115174,11401765,4530375,3888864,1969260
20131121,541676554,0,96982994,61413084,107066194,0,18156811,12484716,14771095,48491186,64094760,59372445,18828587,18464835,11759850,5647104,2119559,2023334
20131122,397695765,0,103534360,44685201,49818164,0,22521323,286464,13810796,29537712,34952813,53671634,8596382,12095791,13534872,6127848,2444962,2077443
20131123,369423029,0,152312722,17264235,44206321,0,9079108,7356233,17921233,31835311,15424422,40106563,6835285,9134442,7679552,6262726,1896518,2108358
20131124,270526886,0,67526264,11850599,47042957,0,17870804,979644,11771874,15808998,28003318,42287389,6930888,6519963,4389656,5229810,2223598,2091124
20131125,601607369,0,91273217,61921779,90016425,0,54512008,16483520,23551307,68470953,48667592,88315743,15054247,18717249,11514992,7213456,3783236,2111645
20131126,550825368,0,133685203,44958047,55829422,0,20834660,16179883,13319532,52106252,66964931,93482078,13782304,19043048,8703564,6314968,3479595,2141881
20131127,506111814,0,77020170,39695627,120219898,0,32161738,12896062,12134181,44265140,45959598,72200052,16411735,12085479,10271506,4467011,4074747,2248870
20131128,606820848,0,201013262,42131112,99816671,0,30873843,8082335,18290412,48493617,29033366,77641470,15699160,16324996,10918679,3634208,2570095,2297622
20131129,431776160,0,85314435,46065233,39738811,0,28005487,0,17519389,45467169,50881982,80299348,8787939,9669313,8291939,6710210,2689932,2334973
20131130,370945332,0,69935063,39720505,133255399,0,5988097,6080202,4514045,10533184,17059060,49663241,4543005,9228896,10830293,4477959,2742842,2373541
20131201,468652815,0,100301059,25605045,39008137,0,40412806,21479164,15149375,36340097,62572066,77792635,16655325,17543259,4955292,5590148,2893302,2355105
20131202,666056452,0,123138646,75361229,131614413,0,40710156,20569253,26358491,52626185,52485726,78905168,16350829,21275636,13260614,8369860,2697982,2332264
20131203,790334435,0,112621516,42620080,238754689,0,29562823,20591404,82968830,52569219,57686825,95690854,17476939,18833141,10128893,5789312,2679579,2360331
20131204,653729093,0,115350482,50888884,135775186,0,38219991,19456855,37482451,32713100,77204947,85559020,17010487,21759914,9075921,6761513,3970754,2499588
20131205,701257997,0,112754146,156558708,57431811,0,43064462,24442246,42488340,55659453,57835373,88373896,22864554,18523878,9966971,6041135,2673172,2579852
20131206,464265102,0,99745490,41225555,53787062,0,13867611,7601588,16366612,49632075,64199373,56669785,18742890,18919707,12201768,5455905,3258593,2591088
20131207,396118837,0,82796190,33853617,51254259,0,10547361,18516060,26193045,38054288,33930456,56363651,16147557,9266129,8747954,4404599,3400068,2643603
20131208,457110650,0,82161236,42176308,121151974,0,8349459,1319758,20731655,40345643,40721185,50815242,13694068,15789663,10855376,3693175,2682025,2623883
20131209,568428308,0,103583377,59831576,90605090,0,24832162,8893194,40747532,54949075,44528060,76497255,24918866,21116299,8744913,4110432,2390142,2680335
20131210,722592875,0,125339810,77079117,108648656,0,74107041,11276212,37070196,43522682,69620083,86139642,28425314,20323675,21125253,13319263,3910815,2685116
20131211,674017286,0,115697152,61063931,124734431,0,41060417,9528404,36908446,41087748,78237431,87078293,24994741,22338156,15175320,9901164,3408550,2803102
20131212,774488551,0,147785633,63978095,191866886,0,34973395,26036246,26736385,42545364,89711526,75532621,24205113,17937408,15198795,10185560,4856497,2939027
20131213,615161859,0,104283198,70463889,101259749,0,57019223,13867187,24027149,45382265,46422361,74121484,21269518,22851155,17004976,9747273,4484376,2958056
20131214,305389352,0,48207148,11630265,31877534,0,9092620,14109671,35925051,24262421,27192836,57355175,11863208,11273280,9999348,6528380,3041581,3030834
20131215,562991333,0,124793143,89604241,61818928,0,38673226,21424073,24832446,20972156,69451830,63776960,15383757,8422994,11531201,5940942,3353935,3011501
20131216,787655311,0,172469827,66146772,96793387,0,53595254,10678725,34464355,88901995,80751256,92326700,32893683,22018815,21297511,7802236,4468083,3046712
20131217,693648619,0,124781035,51925503,142648483,0,19881862,42521934,47798145,53788461,63992151,89818848,17202510,13289294,10825627,7407425,4759146,3008195
20131218,728183881,0,120251935,157451063,62620812,0,13693269,18941810,44908196,61542275,79130286,104320352,20824514,18589967,9611437,9049720,4086083,3162162
20131219,615372267,0,92661144,57842819,119953761,0,27644833,13896677,39302717,56871860,56720189,89219804,23536887,11887938,10762756,8259592,3496193,3315097
20131220,519271840,0,79349037,71546037,46288154,0,38501654,20252367,42095995,56205619,44607530,59668868,14356572,15741838,14696685,8740201,3887153,3334130
20131221,502881982,0,65314601,68968647,160118757,0,14801159,1061869,32098239,29838052,41155316,42807363,13318242,12002117,7876291,6822456,3366179,3332694
20131222,405171346,0,82712847,31658889,57451305,0,22295001,7400401,31909927,28729581,40245958,43216797,13115834,17745610,12581111,8331073,4480586,3296426
20131223,702214591,0,109145855,82668299,123475020,0,44562327,18919997,37720791,65580601,67037068,86268864,19149941,10967030,17530819,11659067,4029410,3499502
20131224,736775548,0,103481204,185926259,90315717,0,60485615,12237142,43738013,19794975,62593629,85221248,24528322,20772079,12457423,8880907,2871892,3471123
20131225,919388088,0,203109563,62098972,190158667,0,44157519,11486091,29815109,69679152,98484856,129309938,25751527,23530621,15893949,7866100,4234437,3811587
20131226,917734452,0,105141797,106232958,232827946,0,41642866,21304709,54062372,34953961,132874598,97244370,29686323,30319910,14364392,7312299,5768531,3997420
20131227,724902226,0,105600472,70599895,134431102,0,27493206,14860564,68181153,58158110,63166357,113441999,19367413,15562688,14267177,12210487,3412473,4149130
20131228,559094795,0,106350398,31556728,50055118,0,32004936,14815127,33566958,65085524,80714229,86261952,10591585,21083287,12107056,7198587,3518629,4184681
20131229,657416607,0,109308233,27426155,158910345,0,46008666,21050479,30113328,40075550,58403009,106668247,19182277,15229618,12385344,4859535,3646373,4149448
20131230,1100048262,0,225064302,125520881,169596419,0,43076508,18809800,81520893,82115768,129501915,131416692,26975092,29237970,19358497,9024880,4700228,4128417
20131231,1030200272,0,216654012,77212953,130851026,0,44829108,29497772,48835880,70399868,147824055,160639892,30814548,38637410,17240764,9185554,3457304,4120126
20140101,855245984,0,131747671,59562521,97598515,0,64281817,45263489,67927853,90026687,88114592,120284942,23970686,27853777,19742342,9889872,4574302,4406918
20140102,1276102700,0,206603592,200460762,168844392,0,92006934,52983618,72857672,128933336,123761451,137410481,30251659,25148777,15812547,12900753,3532125,4594601
20140103,939337476,0,140647336,49185735,185460472,0,70467266,32046249,57275515,62807054,126832881,135217366,15628427,23640733,18405606,10105014,7006753,4611069
20140104,684467833,0,125278719,67610966,137159470,0,67980799,23978540,54164026,37137883,45756894,69298853,17754842,15902102,7988455,6960798,2760609,4734877
20140105,770822439,0,82614806,152924741,131891949,0,47628905,11257576,38559968,62152261,64373048,99991292,21447479,23729947,12599929,12026743,4918889,4704906
20140106,1193473973,0,166798102,117848197,150984364,0,188470417,46526233,82455905,86395014,138066662,113192380,28079355,34129124,18286248,13168061,4389584,4684327
20140107,1086836213,0,174735521,80319815,137602281,0,214946576,25333700,56074271,92220174,90364537,123547837,28436527,32260744,14430808,5572977,6136074,4854371
20140108,1254678379,0,148802731,78976108,106197446,0,346698535,51965496,92156563,120469540,130027537,84025315,25971289,30481259,21243456,8514115,3949948,5199041
20140109,983934823,0,196424839,125452622,109166663,0,65778171,53254037,91262345,88457201,70378080,108635860,16023119,26598330,13528302,9036363,4800304,5138587
20140110,964842836,0,171098266,70015490,58341806,0,157695904,28173514,59375954,83225844,98962938,137774296,24010031,23759060,19728791,18500347,8839837,5340758
20140111,756480003,0,145360143,38693496,92475257,0,81878270,62375705,46561895,25943062,81354463,93183868,19677396,28894678,17682631,10788261,6307871,5303007
20140112,756431519,0,138492660,60086538,95278974,0,84425703,25326857,12887161,70290969,58886327,121332431,24303167,22523811,17092280,13342198,6888590,5273853
20140113,1408999028,0,188167527,126126472,118174439,0,380621598,51562026,73358207,77997678,112718294,175305440,26330934,28043224,18453166,18240202,8619307,5280514
20140114,1248129108,0,135045584,55318777,195503243,0,209159655,54453689,50797716,129388062,151831700,164770493,23592450,31289525,19289261,12618179,9696992,5373782
20140115,1358336590,0,189696580,87312944,157284436,0,185257727,52441327,55612459,141777490,139578834,215142852,38612769,31080501,29147512,19987400,9796224,5607535
20140116,1184253685,0,178747748,69542421,77014088,0,188262673,43347030,109381862,104608179,132249576,163451627,31002591,24302067,25451264,19754428,11438764,5699367
20140117,1007557758,0,129268095,25442762,92681265,0,142155279,30249060,70407754,98133821,158282257,156833464,17832202,28453947,24288281,18374743,9354595,5800233
20140118,575276232,0,59123633,47004243,43211211,0,60044038,14487785,54833284,54486818,86913954,78102773,14524299,17567282,18312955,13691498,7214390,5758069
20140119,730405427,0,85870566,40654885,56957039,0,157374299,33123700,24981984,61335007,78285648,109670471,18430912,23338148,16300322,10044956,8318822,5718668
20140120,1397929743,0,134871374,83932349,106594315,0,292640724,69411455,74248825,167391302,139021637,172545662,53059669,35877026,38624376,15527295,8355886,5827848
20140121,1242415960,0,118825118,72076160,92655238,0,237979001,37995898,102099458,141193882,151319955,176008775,29272859,32560881,19317237,18133617,7206292,5771589
20140122,1397104858,0,147956274,95697360,151288423,0,289058573,65602525,63436389,118978010,148597895,187570071,40819253,33997923,25349618,16165022,6583237,6004285
20140123,1262577349,0,162234563,61956331,70947389,0,237188173,37865189,72382026,151443508,163210862,193247240,31978885,31779992,21813192,13606074,6601257,6322668
20140124,1645612024,0,169536412,123660841,190033693,0,294115532,71868480,75954917,99166464,187216251,276804346,47096610,40878180,31752601,22726932,8428208,6372557
20140125,1178711979,0,129344470,52734029,143030541,0,170839931,54818872,37595390,96053968,162284857,208540228,34812081,36667307,24360903,14282237,7069304,6277861
20140126,1713541320,0,188564626,57559349,267847249,0,243095139,93151725,95845133,145318878,200582308,266744548,55757953,35404560,29913470,17525623,9979395,6251364
20140127,2385795314,0,198759322,119745035,271530840,0,449119082,116403503,113788402,298327524,277175603,333306370,66688447,71604397,37285761,16546305,9369916,6144807
20140128,3101976669,0,275785276,114872578,356521622,0,708932885,122374070,165518354,363495110,393284217,365300453,67740141,72539752,59046861,24735452,5397775,6432123
20140129,3231100931,0,125868912,233704215,273128199,0,1021913743,136046797,142618985,317417848,412338869,348831852,66874737,65317911,47380383,24603521,8241960,6812999
20140130,813019949,0,53551276,14432265,48894512,0,241868665,55111813,38070793,93155546,94364679,84166205,26090621,21834402,19846694,9762829,4867560,7002089
20140131,297268556,0,22940167,42464055,12796195,0,21823324,5371938,14626568,22874499,49167737,52932035,13378922,8867297,8968316,9275084,4368193,7414226
20140201,306403336,0,39293805,15446044,36964311,0,54369925,6214618,10725849,13722896,37337435,40713220,11232743,11517204,9293252,7408563,4655141,7508330
20140202,247332263,0,30183520,3939997,25209539,0,24534286,3925654,3856012,20542802,41518042,43397237,12077831,11523492,7455052,7022512,4656576,7489711
20140203,315009937,0,29197779,8406413,18161453,0,77782746,4275912,5218078,24041323,44443442,55847848,8943141,7801625,10531206,8509659,4377882,7471430
20140204,385640043,0,37796277,9838681,63387188,0,61142114,21447174,3048620,11598430,60027901,66712692,11138380,10002557,11394203,6007604,4613228,7484994
20140205,471949894,0,55321624,18075774,49712335,0,42600520,13643457,17091018,54112606,56524522,94415628,21833118,12242303,13523493,9885990,5387958,7579548
20140206,787413900,0,62294523,41555014,46380902,0,105206442,77301538,47842724,68068550,75917520,148256845,28469357,34962873,20988939,15590719,6979976,7597978
20140207,1613953820,0,121028159,46670480,220930132,0,257372621,72707782,121576559,135468630,229446196,236641385,50923097,48856898,30834849,22375830,11069656,8051546
20140208,1322934105,0,109985258,40242111,137722273,0,252654918,46957748,79540801,116693191,183984274,207925152,49424033,36242635,23974099,21015486,8640763,7931363
20140209,1304965909,0,84441145,116248281,139362609,0,238718252,34638253,79618520,88873188,165352457,203118059,44209623,46913768,27121526,20882444,7599449,7868335
20140210,2467785988,0,181902075,125197981,376463932,0,537072034,73680180,131079087,256862548,227904161,305690292,77406998,81892254,40768703,33574274,10406864,7884605
20140211,2305648221,0,131960167,104742869,117767230,0,619508861,143912791,105644227,286439141,302866499,312742405,57514757,46010640,27136370,28814439,12742084,7845741
20140212,2082906843,0,150015094,103144765,108062895,0,581142422,57495449,196250479,139793036,277056734,285423348,51807209,48585124,38668071,26325213,10714933,8422071
20140213,2023862072,0,111443607,118053990,268923782,0,484735915,131927270,132504890,169323721,213355262,218551393,53267637,46112023,31890662,21431583,13675131,8665206
20140214,1667222294,0,102690221,60587714,85164443,0,509183296,106689586,68734564,108914607,243766207,235314265,33582304,35445788,32959779,24675256,10703194,8811070
20140215,940909320,0,68211355,40971983,56774885,0,252499358,27475394,44575636,51152301,106291419,154755688,34404685,39203907,24489881,21589992,9528462,8984374
20140216,1358243946,0,76110507,70805601,118171088,0,281345880,54964259,75516652,146007887,201418843,195175049,43970787,28770015,23011978,22497543,11536774,8941083
20140217,2050278008,0,165588125,89337944,244529030,0,314140383,128976794,172607178,175224313,269323118,293920923,59959833,47574069,37231312,27245170,15758516,8861300
20140218,2041088758,0,121083579,147466876,106392959,0,668514577,80267057,123203257,156200619,213994807,246515705,62594228,31959685,34258828,27064058,12683502,8889021
20140219,1988972281,0,113260799,95413788,173317740,0,385829678,131526659,180903295,270506534,202506043,261941406,61429092,38737254,26430791,23820030,14009982,9339190
20140220,1686141954,0,140986515,55917680,65115862,0,445548773,75769223,111405859,147310146,223069175,235823395,57149391,45779328,34991949,25422314,12340051,9512293
20140221,1407653427,0,94439053,46202850,112096738,0,364451253,82979367,81862530,151543134,145859253,176471340,40771380,36053620,30321067,21437239,13537791,9626812
20140222,1012367945,0,97358533,29897510,66776256,0,150385544,31717881,112406191,118665138,132834157,144694576,44236958,25248229,24261647,15370712,8765185,9749428
20140223,1337727041,0,148426727,67393581,107265399,0,252852858,60040386,77718454,146990110,153738478,182598730,37313537,39507753,25659833,19055833,9472770,9692592
20140224,2081711725,0,185807880,164128854,158883310,0,497236811,160626292,101758940,174211057,229383759,236057660,47605181,43123953,35117876,25135605,12939166,9695381
20140225,2067472057,0,149409652,250011979,145573392,0,500487058,98319945,85972823,129728049,258494346,273612141,42962866,46404483,39898550,26307635,10737279,9551859
20140226,2108362595,0,162180921,300253826,213243956,0,493100695,51458266,128113523,147116337,181377073,261843273,44197843,43578587,37785514,20222505,13991267,9899009
20140227,1953502487,0,157802790,194296706,121891579,0,562024437,56593509,106369457,182766699,178280104,230118661,47810953,38562660,32046640,23889508,11145207,9903577
20140228,1461760369,0,197887518,35957917,139481638,0,315796673,35648501,82227199,103927426,144859440,233533951,45182760,47335804,32549726,23759610,13610516,10001690
20140301,903808003,0,159162563,40515858,107041815,0,105061729,41094756,26046525,53952323,98624649,146834013,28172305,30638732,28204940,16563739,11756263,10137793
20140302,902770166,0,132016660,54592550,76737850,0,63512179,31607552,53353394,73470568,119528939,175191872,39093449,22088670,21377952,18081243,12063320,10053968
20140303,1959205390,0,188631811,151578156,437996794,0,211102852,61639954,141032949,167511049,211991334,242207932,38536202,36039267,28422468,20557809,12064122,9892691
20140304,1719103693,0,197057986,114900614,294685759,0,255563715,80302361,54139826,137314645,206293609,223586269,45311903,34368378,35660404,20042126,10092039,9784059
20140305,1636329106,0,179889165,83449755,224676930,0,172686436,98646448,87128191,149037818,212974778,248980774,53589938,43156068,35313452,21814775,14867760,10116818
20140306,1350446630,0,181074630,74039867,122897540,0,92301663,52747953,94266286,108932853,201203052,267068386,53355824,28265973,29436449,23739125,11047246,10069783
20140307,1275418685,0,132581213,92941552,138138421,0,170445635,84697625,48094729,132262195,162523645,165143923,37428354,39432386,28948073,21445616,11234504,10100814
20140308,725095462,0,117360633,31599479,51907241,0,72172033,21056993,34427963,66304385,78526520,144210493,27235325,22908356,21804675,16608043,8792290,10181033
20140309,863868715,0,128907727,50167848,44600382,0,90113672,40283680,55399451,54671436,122470197,162878515,27844539,24280786,29225322,14259246,8649913,10116001
20140310,1566596910,0,140409040,90529149,215460465,0,249813571,37481543,72858704,107323702,175897177,269495314,63104776,48166825,44167793,28951006,12978536,9959309
20140311,1420964232,0,128684942,73714367,196128800,0,212768567,40029379,50248663,125938330,182643964,224949738,65831650,39069899,37407237,20721781,12932582,9894333
20140312,1230934397,0,161663793,81809814,81867906,0,162792349,57722690,72022503,98648770,152470652,196027801,51367941,35212901,33507439,23561459,12107622,10150757
20140313,1328546072,0,130549929,107500287,276453426,0,186114070,46137909,52460781,83272261,104239323,200442210,41205281,29509410,29979845,20304824,10267904,10108612
20140314,1032832754,0,139623369,74641663,85197951,0,137917928,41967182,20938442,93066426,128033465,165474112,30313565,42062373,30651067,19879558,12972920,10092733
20140315,804593572,0,107161524,30788469,78982966,0,137518387,33324616,17044846,61680321,91802034,134909300,27714409,23155791,23706545,18485778,8173787,10144799
20140316,916032883,0,138185823,44653130,222647082,0,55527638,10996819,32075034,67055198,104795538,132354752,32153263,23694655,14710870,18392553,8768797,10021731
20140317,1444856542,0,172362072,47816987,398303686,0,125143725,33294388,85983886,64912557,138683233,215705350,45275536,34612922,34353884,26545578,12057953,9804785
20140318,1081162480,0,136543489,53951661,112632482,0,145681277,28814621,86969160,87076875,117787570,158453600,42278833,38687040,27323814,24954200,10179322,9828536
20140319,1175049310,0,134244550,58658658,132398162,0,240294978,24744123,47183825,90796197,119836633,198318099,43129674,25366092,22708130,17050729,10232773,10086687
20140320,1139072271,0,129003286,100961774,171007790,0,143706301,48444148,56594059,89187800,108757977,147761545,39474736,35129288,29076365,19770499,10119184,10077519
20140321,901048827,0,124662403,41196077,185786335,0,68359851,44748192,49600678,38993639,96975334,135001722,35464506,20922578,19047358,20179786,9999960,10110408
20140322,584423977,0,87431722,43841392,58972684,0,41335553,22165179,30908755,24930747,74790140,91081151,31328069,20447184,19161554,18810187,9153624,10066036
20140323,647030988,0,102644722,43403421,57326820,0,59276950,16050234,16945953,46159499,71040357,134270864,32508335,18551468,16155143,12651979,10066189,9979054
20140324,1141012147,0,180181347,220925462,78566955,0,75576023,20705617,41606904,65843735,131310328,197154429,30747312,34167193,23767397,21022270,9611066,9826109
20140325,939401225,0,128904888,96017041,62011578,0,51715990,38147180,43842742,70190001,148476304,176174492,37403900,24821026,23040692,18985291,9962042,9708058
20140326,1022016290,0,109898250,97954290,172079930,0,95929589,29573106,45580184,63595021,126507241,166406581,29393847,28640467,24542311,11217038,10968169,9730266
20140327,887292726,0,126869246,42948669,70759265,0,54655984,22374470,39093838,101315288,159848431,161631646,22912408,30862649,18897068,15466218,9999431,9658115
20140328,729091409,0,115166372,56782263,47020309,0,36109983,19247412,19746718,76054732,106067722,139565674,33611300,19600375,23395958,16998818,10114512,9609261
20140329,703279492,0,84569682,50878837,203074624,0,21698635,15174837,20026665,58186801,77964083,90412328,20663844,17099894,13903797,12209016,7827990,9588459
20140330,602663436,0,89117553,10363135,107929020,0,40738122,13345027,12551914,42946175,106384791,98430871,16555540,14500231,20533698,12614653,7138450,9514256
20140331,1250306245,0,176270561,133969358,150829123,0,81286739,19184634,63350174,109775200,161087268,206731097,39246368,35368973,28653343,22896173,12191669,9465565
20140401,1602453549,0,272732563,227952236,228882370,0,144516967,43075634,50737487,111056066,183150629,199106202,33670274,36595433,31602843,18520811,11446780,9407254
20140402,1232180369,0,201585627,91192240,184675745,0,75652990,32812895,36093118,100282086,155989950,223922741,36257470,29042400,23991239,20028815,11095874,9557179
20140403,1075779488,0,150121235,77984722,118917813,0,67513993,46918389,67266570,76660527,160953472,178588354,33443757,35427566,23918777,16553685,11863798,9646830
20140404,869826250,0,77805158,67078578,84186647,0,55532568,44408695,36049981,104076489,97885073,163351506,35775024,30170806,34660518,18944006,10217264,9683937
20140405,552439004,0,93241686,60417381,42107603,0,38213073,15245372,27457780,36271623,56276426,93078091,23113181,22831898,16060475,10694416,7699575,9730424
20140406,538590199,0,148927093,29084838,38967698,0,45828199,2827689,17984003,10696805,65081581,96433614,19153038,18424361,16177313,10543124,8768245,9692598
20140407,786574897,0,161709899,70664541,104121266,0,44579421,22314892,15393508,41548559,94838626,129907863,26759397,25361132,18658062,12697397,8367663,9652671
20140408,1190990631,0,153826184,109318609,185911335,0,53614887,33854165,34592921,82381675,170144602,221766518,34987709,39262014,27830187,22317923,11550035,9631867
20140409,1201961729,0,205524318,201553381,54254095,0,74144978,31125251,58024172,108845597,146517438,188155825,39041407,32937634,23395549,19490739,9248400,9702945
20140410,1257791976,0,189079566,122284705,181637801,0,58434027,27729884,62114307,79515899,152366881,190782134,60839684,41591730,41069225,27236608,13412645,9696880
20140411,1101567126,0,142737225,301244724,76916205,0,68678420,19949971,36512309,56505560,116517874,155312869,31313767,27699454,25280584,23422817,9793409,9681938
20140412,713131643,0,108365134,99625569,78615463,0,50823877,23366391,24789693,48621390,55017394,108015292,32470858,29286592,20580811,14950733,8862206,9740240
20140413,714597608,0,125024487,58327428,146791928,0,8598852,6301993,17468717,47316095,81496705,122212693,27520005,23791808,17806460,13562046,8697121,9681270
20140414,1144221932,0,184766384,114045232,85433718,0,48402874,36893691,61455389,103761364,133198884,227765539,46508014,35188226,29848849,18027920,9336277,9589571
20140415,1178573487,0,148076970,107118530,122863646,0,45381446,47035473,59870034,81819309,149562003,226803879,54655456,38454558,41899920,31609980,13854906,9567377
20140416,1123610612,0,140854101,126352849,134859421,0,70449940,30709117,56764668,71151304,134814859,192957817,47070077,37052854,36162699,22589146,12124867,9696893
20140417,1040319071,0,153603021,64258300,213752531,0,56725510,36870292,40282310,77702629,92096603,162019735,42367356,29463293,28161397,20188211,13156458,9671425
20140418,866509633,0,167576667,72604933,85085101,0,51573532,33635234,45282045,56296735,92662757,150636086,25626173,28482286,19739727,17959961,9659907,9688489
20140419,534994187,0,113766659,20910980,66736391,0,30488376,9170756,35249764,33199084,42539643,89800363,22042211,18521188,21025268,11858595,9958262,9726647
20140420,552978457,0,120518747,28183629,65509027,0,9155128,10106948,33346478,38230373,56352315,99710554,21020928,21033972,18573148,13486876,8080186,9670148
20140421,1020496868,0,157428108,87973988,208232262,0,44092523,8810644,59611298,78905699,84199622,151958080,33064932,32908664,37712852,16929688,9043073,9625435
20140422,1041906359,0,151603095,151287699,121659723,0,61106436,30647412,32080264,62597406,127652452,183836455,35529184,25892968,22504489,17947402,8002133,9559241
20140423,1003295467,0,176160155,55341387,155254377,0,67593247,22542254,56977693,77129715,120340466,150667166,26587754,35451981,21289030,18530733,9856890,9572619
20140424,862030683,0,151906682,58912166,109559489,0,81210651,16779906,37936043,57905365,94964814,139303944,35222292,23608760,20142029,17338862,7765786,9473894
20140425,888306160,0,128658255,74491544,114851150,0,73451808,14855003,44181267,60666459,90359436,168407243,32740161,29907702,21608518,16496750,8206270,9424594
20140426,584376070,0,123603966,32471050,82687505,0,40281890,1704754,29694543,50429585,48531514,89059903,13700598,21611352,19874697,12200094,9098366,9426253
20140427,631881868,0,134830907,83499908,58095144,0,50302477,13697730,10658918,46818184,56968932,92711188,17911649,15603802,19776757,14414986,7213712,9377574
20140428,878628555,0,127691063,47634423,81261987,0,62631514,18644253,55601491,54724736,139111745,179120010,29119811,29424964,17118842,18352750,8833084,9357882
20140429,984030109,0,129411546,117477614,126705470,0,66461053,36441202,49437959,56439705,90551420,177433094,36385115,40041519,25504197,13958070,8485091,9297054
20140430,985057730,0,128735745,57076205,187737173,0,42547947,23863386,44028744,47309864,136059937,178612090,42969763,27177595,24753602,25280595,9446704,9458380
20140501,632162787,0,107926360,27321480,39190709,0,60578214,28340653,26692952,54766355,100562429,112293398,15513147,13623346,14756871,12555529,8657678,9383666
20140502,517951606,0,78611538,50169036,25081032,0,63582172,18248606,19915884,34917509,50577806,91175614,23702156,18603557,14122183,12376326,7410067,9458120
20140503,615402548,0,85141426,45469072,71961291,0,45844436,14307044,17589617,34810380,91088208,103009821,33880201,21958109,19625098,14304608,6922707,9490530
20140504,1043538823,0,174435263,60130162,126220008,0,53346506,22398396,40919747,72207175,170032172,191466915,34169317,30946290,30027189,17259563,10424764,9555356
20140505,1305407591,0,188167748,62671177,157219117,0,83958985,16984911,60364062,90543268,194665410,273109327,54087773,47777111,34891250,20366915,11272561,9327976
20140506,1295140258,0,196410122,96266337,158871636,0,75261254,34932421,49088457,114680275,168232605,233844252,55852135,40405855,30595494,21350370,9749872,9599173
20140507,1184976594,0,210077935,145698800,95553732,0,79655435,14480389,46376287,96893298,130979974,226715929,43353028,30795275,27196946,17627069,10089742,9482755
20140508,972395792,0,119622031,110273113,69013297,0,81909389,15539046,40037194,77042737,148896024,172806711,38295096,38661847,22599143,17882041,10414892,9403231
20140509,895767162,0,161097180,82256109,57836459,0,45406871,10691054,26401896,60075453,105037723,204303585,33652627,35795822,28765302,23200511,11792819,9453751
20140510,590014111,0,87084696,68445363,29819711,0,25483084,6700504,8548499,51223015,70405754,137527059,24981890,25492832,17311388,18872587,8715521,9402208
20140511,769744332,0,99129275,37679864,147050601,0,46648074,19941320,33130615,44132142,79432614,156143606,28461418,22586238,23132299,15288075,7619741,9368450
20140512,1034878881,0,154519334,122678731,58514897,0,44010988,23880465,43055193,76805062,115713686,215621100,57791979,40974712,39019794,21669408,11324598,9298934
20140513,1110676086,0,188024642,107229638,143008937,0,78052704,42473580,58945045,73250425,115624483,166719839,37786802,31492784,29875799,19085675,9890047,9215686
20140514,877405523,0,122570195,77763034,63756918,0,58733482,11681674,47336927,48897008,123952228,188313694,39814033,32845949,26813271,16675534,8920332,9331244
20140515,989700400,0,172281100,38903533,64860440,0,80255411,10937333,25628549,73011287,135880326,204648895,48149695,41027187,41138246,28021721,15629665,9327012
20140516,830373528,0,153710940,58442441,71029607,0,56631128,18424970,32151827,54276067,86693189,157650066,34289784,31915553,30509438,25155102,10167473,9325943
20140517,553817765,0,126887801,45106791,48741238,0,29292677,8002294,17095252,21072612,60647435,93931571,29425210,22706039,18617810,14818830,8235806,9236399
20140518,670805253,0,93129281,59178985,102558553,0,41817004,18257152,25539833,36037861,84245982,113216281,21883799,19723672,25324956,12202385,8513827,9175682
20140519,986647698,0,142589542,78560509,137175876,0,58840089,30081910,14796977,72813853,146215842,179103929,33890433,29984986,24008034,19280928,9852308,9452482
20140520,1021891988,0,185551251,57764105,120203571,0,64903172,37034219,44548523,52620373,108340622,189034704,41270948,38783272,38134388,22240639,12050431,9411770
20140521,913702550,0,105797868,77802521,124171403,0,82914700,14311284,40412192,70159391,83964655,192869288,28478518,27081185,27654195,17861562,10758882,9464906
20140522,863613857,0,137378971,51406056,97460218,0,76005169,15553217,40765285,63861487,76621485,173398814,33742898,31341445,27121099,17841364,11881062,9235287
20140523,789133572,0,150494983,52897551,97045382,0,48434421,9919064,21727311,50437492,95642624,141905929,39651642,29269011,19406361,13310643,9801698,9189460
20140524,521968050,0,100820678,66471943,34724029,0,34809603,8520448,6286264,28500469,58606447,96944748,21574066,19257020,15127648,12041547,9302935,8980205
20140525,537532687,0,88600193,34064471,59037219,0,38166069,17572794,24810662,26012376,69208982,96977035,17694439,21419521,17552608,9735473,7759249,8921596
20140526,1005409943,0,176547081,48915202,147837871,0,44871449,13219948,50770523,72600903,110307456,199186192,41722723,40794026,25290021,14802514,9688393,8855641
20140527,926658750,0,130091191,64987489,131275386,0,52554196,30275307,48212779,53239442,117781471,172932798,34825801,30459506,25599144,16157823,9405409,8861008
20140528,965489457,0,178334899,65781032,93389543,0,70213847,22620392,34469060,75870456,116642369,181464470,37872307,31225123,25522235,14371102,8702986,9009636
20140529,913081309,0,144503383,75059982,149014286,0,47334329,15913989,46329548,52226370,96360714,157815241,34750908,27229018,30663734,18200170,8840952,8838685
20140530,805401221,0,153462943,70822981,52343413,0,35628819,21208374,45564618,36449956,88329380,167014622,38573340,35129383,25144908,17584093,9010134,9134257
20140531,482170012,0,99033243,43079427,35631348,0,9988089,6169306,27570672,30344988,52824331,93897698,20265306,15981093,17754197,13915980,6863820,8850514
20140601,620961130,0,132719587,52259407,33588818,0,25483124,9134272,36026919,71046462,63184904,126240199,12070909,14895327,14386834,13132726,7990305,8801337
20140602,593886671,0,85403189,30506200,45559845,0,46251430,25010756,30212316,59861592,73249887,116864483,13458184,16377232,17713538,14634062,10062669,8721288
20140603,1074740886,0,130717953,53012678,167512966,0,58550964,20594676,46283474,90283731,160229496,207244450,31898136,43873025,21393440,24189089,10095678,8861130
20140604,1130255625,0,215202408,110399779,101076340,0,80172329,21039043,24800305,88560034,133149811,216950522,41671114,29869532,27910014,20543353,9925293,8985748
20140605,1104013595,0,192531977,54374779,138589692,0,59866152,37759372,31129915,69970330,146012816,223179051,47229141,39217011,29532183,16669667,8809442,9142067
20140606,821082370,0,178268776,66892201,40985673,0,40214715,20354091,27000477,50534163,114146561,163309626,29153722,24767615,26622984,20546720,9363502,8921544
20140607,601054953,0,94106680,69426459,66117239,0,58599517,4893369,10788543,38638246,61803605,109516282,21628082,21222362,15965207,10895166,8505573,8948623
20140608,591554594,0,97337339,93008881,27288242,0,30074270,7169722,24489934,34757242,79682281,98898220,27031916,18668312,24154993,13213050,6876542,8903650
20140609,1054908200,0,152423523,109637320,116029021,0,45782937,26847567,37671354,86529938,133912981,202216268,43981872,32244507,21586880,26036998,10975617,9031417
20140610,1096021712,0,144935808,71212290,79307047,0,62861162,27287549,44306224,70467557,140852102,250423724,52891366,50032702,47713493,32888417,11893129,8949142
20140611,1111817011,0,168674307,44232759,182834623,0,73972881,25447388,33393062,83324830,151322680,187006928,48173054,32853984,35391499,25375232,10678222,9135562
20140612,880170435,0,136704629,55212968,90510406,0,41863780,30242648,36804033,93535665,103200171,150816856,40436065,36691228,24939911,22274459,7839610,9098006
20140613,850207051,0,133339838,47038160,84757435,0,55666137,22299509,37865863,89183346,80966593,166953868,27168772,33867661,28581828,25242049,8025056,9250936
20140614,587937861,0,121199171,42518849,40962009,0,41382511,28539673,19497977,25611336,52376656,113887264,22394877,25868755,19019224,15783976,9708883,9186700
20140615,585960916,0,125266447,30368795,31223274,0,44612624,11879780,14167543,36720858,59015882,118180964,32433580,20781671,20735439,19679602,11763126,9131331
20140616,1092897875,0,205317371,52243503,113143246,0,65108503,21094795,48426396,73213055,110927388,206447173,45307470,53507291,43842186,33517583,11798605,9003310
20140617,1016229512,0,191408563,63632819,101073027,0,69795672,17190375,48065027,60499964,133470620,179659603,43531191,38048933,24155457,24954729,11882691,8860841
20140618,870198276,0,136876105,67358361,69957211,0,52910105,9441832,55126869,51720831,109603899,172185932,48716417,27205665,26013961,24913719,9337869,8829500
20140619,835807322,0,115137947,68190891,46003444,0,63831046,25207867,33329823,67716231,114959087,170435339,49326287,23504887,19908487,17793621,11890142,8572223
20140620,772061554,0,202656106,52446566,53620154,0,41617278,12600575,37984144,44126485,67811576,137729276,24054463,27706849,29496574,22993880,8386791,8830837
20140621,533479839,0,124062868,28006845,39358110,0,35351365,9165140,26320667,24856309,44194676,106105627,22610961,23606268,16855329,14829930,9746682,8409062
20140622,551920039,0,109948063,29770656,51280447,0,35339906,345244,37940851,29353114,76614782,90407429,28266930,18515406,15138276,14246039,6402828,8350068
20140623,900025202,0,136370607,67476828,71601453,0,51338801,29399820,73917708,60215341,93423226,185688357,44803797,27134874,23770585,18090499,8470650,8322656
20140624,883939317,0,164417360,36909975,102072610,0,53364965,16214798,59372964,72416906,91411495,169114837,36012996,24958272,21014863,20880301,7500004,8276971
20140625,1073343947,0,138870497,109809303,195523754,0,66549352,21891166,24410262,49366805,124057128,203380970,44547236,33059613,25405432,18512409,10007194,7952826
20140626,930487774,0,126304341,47791054,143156446,0,88779541,15154847,58572439,39769188,102330764,193042972,36185804,28826285,20655438,13224956,8924792,7768907
20140627,756016734,0,100515424,93739499,71762810,0,38436882,21233580,38579552,52285390,92043937,143597615,29589403,18521062,26813222,13129410,7872080,7896868
20140628,515523132,0,119207547,20220504,21824162,0,33066847,8120865,22539729,37327986,77800547,98147582,18829220,19632828,14105620,10893727,6038091,7767877
20140629,532360147,0,89048363,29359409,50960844,0,63577517,11721638,26628444,14363864,71108056,92839253,18312001,20218044,13515461,14214893,8789795,7702565
20140630,1081686146,0,175981496,47153328,67705447,0,92067150,33805765,59539630,62494662,189828192,193484939,45821690,41889931,29161876,24355141,10784401,7612498
20140701,1296682479,0,144722819,109734625,82233470,0,138329535,50832337,103989281,112958061,194339888,189003756,42473416,45741215,38489063,25014472,11028380,7792161
20140702,1204988761,0,184895798,182244990,94396221,0,77863150,29018196,66595236,84545779,152194417,186902899,34633182,45232778,29317180,17957395,11490942,7700598
20140703,875335207,0,162993774,42148225,116737842,0,61453828,6737006,40027943,54379081,108431226,158699654,27692016,37222157,20655989,20728242,9743711,7684513
20140704,863197730,0,132055097,145250508,65723561,0,54884521,22571939,20984765,43333805,95523861,162074204,33367884,31694142,21925118,16293597,9902656,7612072
20140705,655224365,0,155766801,46397102,80539562,0,31550741,7860946,17563242,44954130,58456885,127172794,24258224,14006064,18424689,13004426,7648938,7619821
20140706,567300933,0,104562786,23567623,39568590,0,24081301,9586018,29108936,44477806,72118668,133941318,23579990,21463621,14310001,13078672,6284532,7571071
20140707,1040158032,0,234190237,90629976,109725957,0,52417002,18354387,39137849,62501478,107394234,189903027,40233846,29388001,26689606,21532412,10524526,7535494
20140708,894109101,0,162452052,64901169,81639708,0,45759489,27385249,35258003,59092666,103748789,156573854,49834374,34814520,34853027,20460907,9846966,7488328
20140709,839909447,0,145011523,40301026,95390645,0,44541817,20181064,55059845,40002413,119513779,161804274,31680870,29681221,24535446,16649986,7978492,7577046
20140710,1010415719,0,151352772,37161077,71633674,0,48358085,20625588,66192157,55521422,135830306,226945831,54769485,45139332,46679837,33428002,9143104,7635047
20140711,719653826,0,99918255,36651196,89194566,0,35680285,8056317,25152608,49472716,72082453,159705704,41810155,31520330,29319652,24297849,9248834,7542906
20140712,533527578,0,77705703,55707606,64329836,0,25152281,21731820,13997150,24138197,49306022,111298513,19454599,17541364,23885388,13087309,8673972,7517818
20140713,545617754,0,101221051,54448851,44496768,0,19694055,16431989,23967999,35688675,62414759,94013381,17964117,24339516,17796708,16907687,8770614,7461584
20140714,953017630,0,206037359,75095781,107608555,0,31366759,29575853,31795590,51468895,123533530,158847961,36405224,30689781,33853381,18457199,10751844,7529918
20140715,1012388973,0,145880847,59156069,77094829,0,35986365,38391434,53918150,69923335,111789254,211468923,57933448,48690928,41657339,38997232,13980175,7520645
20140716,1046172434,0,148900060,102484460,62802162,0,55518628,21287918,59179423,75058410,108740183,225068763,52392701,46851081,38367465,28014816,13875858,7630506
20140717,829079552,0,172111626,53701990,47498914,0,27096209,14633783,28363808,58995466,104443151,172665490,42282373,44722560,23049114,23837884,8199618,7477566
20140718,698197549,0,107559529,47209548,57720596,0,43676830,21124093,31524926,25120946,93444496,144893754,24012511,31762551,31445135,21428588,9738942,7535104
20140719,584078973,0,136685005,46819688,38045801,0,43796631,10709947,40201817,26464803,62529922,92521098,17305217,20737131,17951580,14949654,7883883,7476796
20140720,547878115,0,102732215,36383169,51726120,0,27751813,8252635,34403027,18505628,56267957,105375719,24722997,30585399,20013373,16223520,7511003,7423540
20140721,752517994,0,145274217,40187196,54886109,0,25566564,35879431,27581387,43217477,99145683,147301697,37366145,29538351,27474554,21907151,9629065,7562967
20140722,917908600,0,179600819,114931854,48264700,0,46702484,21243893,25050426,63163099,128589167,159486931,35047926,29008426,30329404,20731079,8425702,7332690
20140723,907384527,0,179372150,39230236,119710798,0,65476181,18034644,17961977,79809541,131300566,140496863,33227091,24386471,27347032,15270752,8333031,7427194
20140724,890196859,0,251609081,65796442,44802290,0,42662413,46475325,33312707,52413031,94962971,135445154,30671480,34091618,26113024,17593635,6871400,7376288
20140725,765342921,0,118201275,47087235,75432679,0,65831342,20799473,28228143,47223321,80389828,160496649,33159120,27640649,24713397,19133350,9644052,7362408
20140726,475335274,0,101051055,32643229,23047612,0,17326380,19925197,19670453,26195525,67100419,85831957,16576603,24844494,13016852,12736889,7998139,7370470
20140727,479883545,0,112162488,23811597,50061809,0,20192275,10775925,6894917,27418114,53850237,95134810,14864771,20552504,16220504,11693453,8929502,7320639
20140728,954515564,0,238160093,72903738,67292995,0,36647584,33779107,28137698,37335459,119581911,182279145,32006244,43622166,27076784,18883768,9499613,7309259
20140729,863222138,0,168110189,65596045,82802339,0,42836428,24496514,30397694,65699607,121466348,142569000,36970256,28244175,19189306,21118175,6541875,7184187
20140730,792987952,0,144469339,44569214,70824119,0,36104877,30724371,27148346,79195220,92672877,141251909,37769110,27542810,27755596,15348285,10346250,7265629
20140731,841205304,0,163608500,44045121,84014103,0,37706476,16753277,23909199,38531823,103443693,171355872,50104794,34769832,25695011,29190093,10823150,7254360
20140801,899207505,0,122117358,46237507,45070652,0,51779977,46338779,38877365,74739316,170078248,175127458,38559976,21547184,27609228,22955463,10941104,7227890
20140802,553713472,0,99934143,42490534,42031224,0,68116996,18432832,6840879,27266889,68741334,92186480,25304339,17907487,17544846,13279794,6407070,7228625
20140803,588337156,0,109760401,45225078,33847659,0,33432949,15948390,41004985,24629205,73609630,114434766,24568491,28293466,14912742,15501653,5978376,7189365
20140804,1049941667,0,251332026,67303246,54673688,0,73507168,29215021,53142705,84859059,115907753,166271699,46824654,36594249,28225047,23763620,11009800,7311932
20140805,982923372,0,172195503,86500856,85000514,0,46976902,15960475,27931423,59118864,118537276,210768602,42273556,39420822,31661272,27855364,11565568,7156375
20140806,821624166,0,125325690,39833252,61114172,0,57531517,31199353,46333811,37322751,98348566,178636316,39234645,40664407,26819543,22421078,9601733,7237332
20140807,717159084,0,127124816,34267891,59190175,0,32710406,15475550,41126428,29346794,100122356,152100024,33581627,35936699,23591791,17049343,8282579,7252605
20140808,915416806,0,149628743,145460214,59637117,0,26637557,19834031,30769832,58574734,109482008,154104818,35371024,34070385,41175488,29932443,13356074,7382338
20140809,499046981,0,108656967,34256530,33063130,0,35739640,2732600,12013364,40147316,42224388,93741618,24493874,19794889,18005217,18082478,8870550,7224420
20140810,530489028,0,118897864,29224252,46499458,0,31488079,11678108,10036837,41457282,39997616,100023200,28365500,22237760,19755150,14879039,8760554,7188329
20140811,919174454,0,132094491,60241362,70145416,0,45580976,11283146,31910413,59982993,126432451,202996025,47343266,39566621,42871542,27505679,14033858,7186215
20140812,878516336,0,125027094,72277552,67357708,0,41880793,10734074,25631436,74341475,121134038,188242523,38265392,39641909,33336593,22893722,10633675,7118352
20140813,884906550,0,170412017,39328377,98467591,0,56780664,24874033,38076812,42804109,102290115,176904444,37315399,29403450,27301980,21129001,12627160,7191398
20140814,739609433,0,139845385,36855524,43689331,0,35265807,17614575,38497280,57426549,98127950,134730793,30269404,37732638,28155559,22695813,11378309,7324516
20140815,846900620,0,153427167,95091198,44536431,0,18720497,17756769,22383097,54524456,78102823,166632086,49111707,41510400,44237502,40078724,13597269,7190494
20140816,609321425,0,130622433,44710878,45857543,0,19101065,10164598,18959193,45579006,61599123,94535899,30919379,33444192,23333259,29641012,13673567,7180278
20140817,553824888,0,93049903,32229152,50099180,0,34409747,15185097,12113864,33998684,68312079,99740682,32462564,22597818,22505105,19883804,10100704,7136505
20140818,1062823237,0,193640999,102959153,107986245,0,31892944,26055017,38362757,59397802,148983807,177750454,44366051,36878032,45765789,30263962,11427753,7092472
20140819,997884612,0,230125336,50524895,117639881,0,69320537,36677805,32716245,62746556,102837876,151877033,45338142,23187304,33679183,21774425,12295905,7143489
20140820,935285782,0,139792831,122066292,68903404,0,43040419,10136411,49392205,85571521,104697557,143713284,41794802,45419604,38108415,23619271,11766017,7263749
20140821,844953019,0,138349330,59631920,46731177,0,63133447,13421718,33031549,79785110,84461895,181789841,35535586,33722955,31441037,23509978,13181801,7225675
20140822,707399092,0,181440780,40930384,43216433,0,48544453,27984653,11548158,27263101,93494488,118334071,31106289,27002862,22892193,16255452,10233581,7152194
20140823,514308052,0,141877868,24260238,34756272,0,27413315,1882279,17772133,21670519,64275320,88494881,13779696,23196218,22023117,17623335,8158607,7124254
20140824,531523508,0,99939204,31565973,91794002,0,33098883,5297654,8762832,25611659,59916867,89193587,16040943,14016227,27388267,13835316,7989355,7072739
20140825,863358405,0,116675834,55662940,62181779,0,60458354,23575151,34548596,62660619,113554822,180571531,39205683,35067763,35300443,26074492,10717469,7102929
20140826,772860520,0,131287391,54190160,75898933,0,37395537,7222890,28952403,46211659,76510186,165916462,42842339,34725276,32580167,20562033,11526194,7038890
20140827,861930531,0,135483299,77078588,82869266,0,55810992,31128861,44769628,48936230,76548653,162239952,48155014,27637396,29496331,22222430,12479946,7073945
20140828,874390315,0,147050176,68246110,52859697,0,55821648,16862336,40355052,71742468,110102926,152247154,49019023,40513436,27375169,22259251,12945173,6990696
20140829,826453756,0,140443830,67205022,47817706,0,28695984,19443288,40815545,47231928,85317566,192670436,41421703,30591813,34426803,28108481,15218479,7045172
20140830,637204461,0,155359327,52184380,44705923,0,21176149,11584186,13728626,41324820,82775070,109998257,15697119,23974607,24228940,22739564,10672972,7054521
20140831,696965022,0,182197459,41179140,63747283,0,23427881,5841149,20415714,37760237,84650612,118775124,29173964,26124766,24238361,20332071,12101243,7000018
