report_date,total_purchase_amt,zfb0,zfb1,zfb2,zfb3,bank0,bank1,bank2,bank3,bank4,bank5,bank6,bank7,bank8,bank9,bank10,bank11,share,                                           w1,w2,w3,w4,w5,w6,mb1,mb2,mb3,mb4,mb5,ma1,ma2,ma3,ma4,ma5,fb1,fb2,fb3,fb4,fb5,fi1,fi2,fi3,fa1,fa2,fa3,fa4,fa5,sb1,sb2,sb3,sb4,sb5,si1,sa1,sa2,sa3,sa4,sa5,time
20140401,1396308944,0,157666564,147338678,211799601,0,117732638,45778544,67071759,113090985,170030258,231546536,37674192,32947567,24267307,19836546,10041743,9486026,         0,1,0,0,0,0,0,0,0,0,0,1,0,0,0,0,0,1,0,0,0,0,0,0,0,0,0,0,0,0,0,0,0,0,0,0,0,0,0,0,1
20140402,1206125271,0,144833716,131088528,119768860,0,101400106,36125357,51560755,133949596,160844789,194393181,39685123,32818628,21103539,20086561,8797843,9668689,          0,0,1,0,0,0,0,0,0,0,0,0,1,0,0,0,0,0,1,0,0,0,0,0,0,0,0,0,0,0,0,0,0,0,0,0,0,0,0,0,2
20140403,1130903651,0,214682973,84426193,102422245,0,63932905,42104594,63695082,136147373,133118106,159506262,29799952,34087031,30481764,16741786,10039300,9718085,           0,0,0,1,0,0,0,0,0,0,0,0,0,1,0,0,0,0,0,1,0,0,0,0,0,0,0,0,0,0,0,0,0,0,0,0,0,0,0,0,3
20140404,841596773,0,160191950,85537788,42654207,0,36770017,36427209,37419553,74532952,79059701,144080199,42112950,32479422,31836545,20282974,8468293,9743013,                0,0,0,0,1,0,0,0,0,0,0,0,0,0,1,0,0,0,0,0,1,0,0,0,0,0,0,0,0,0,0,0,0,0,0,0,0,0,0,0,4
20140405,573927733,0,116893786,24665596,43397225,0,22309117,23220152,43298495,38896356,61505841,112463850,19656020,19077222,19549162,11965154,7240794,9788963,                0,0,0,0,0,1,0,0,0,0,0,0,0,0,0,1,0,0,0,0,0,1,0,0,0,0,0,0,0,0,0,0,0,0,0,0,0,0,0,0,5
20140406,574439580,0,109528724,62353786,60787441,0,10306806,16872663,26869028,46880855,85960577,82201768,19452276,14638625,13361090,8910377,6574338,9741226,                  0,0,0,0,0,0,0,0,0,0,0,0,0,0,0,0,0,0,0,0,0,0,1,0,0,0,0,0,0,0,0,0,0,0,0,0,0,0,0,0,6
20140407,744447037,0,152213869,39643436,82743554,0,31199515,36708646,33314176,65269668,76242259,117719306,34492020,18075497,24367176,11418544,11336423,9702948,               1,0,0,0,0,0,0,0,0,0,0,0,0,0,0,0,0,0,0,0,0,0,0,1,0,0,0,0,0,0,0,0,0,0,0,0,0,0,0,0,7
20140408,1079607187,0,145411128,88576590,139480423,0,69248883,47436385,39425563,91634129,105578921,189218122,48570065,38040741,30968753,23190984,13145495,9681005,            0,1,0,0,0,0,0,0,0,0,0,0,0,0,0,0,0,0,0,0,0,0,0,0,1,0,0,0,0,0,0,0,0,0,0,0,0,0,0,0,8
20140409,1092839274,0,232813709,52913840,83573752,0,79795757,49236091,50617915,82347463,133612434,188572240,28384992,32794962,31578939,24908370,11940276,9748534,             0,0,1,0,0,0,0,0,0,0,0,0,0,0,0,0,0,0,0,0,0,0,0,0,0,1,0,0,0,0,0,0,0,0,0,0,0,0,0,0,9
20140410,1209050516,0,182864752,85820402,169124572,0,63306142,60801091,45109651,85589967,117860333,214780767,52280212,48077672,34899102,25490034,13313942,9731877,            0,0,0,1,0,0,0,0,0,0,0,0,0,0,0,0,0,0,0,0,0,0,0,0,0,0,1,0,0,0,0,0,0,0,0,0,0,0,0,0,10
20140411,1026869865,0,195125334,36739854,86144252,0,72942168,41828095,50293755,79303394,138165084,180275051,43351947,36469616,26699074,19428696,10402711,9700834,             0,0,0,0,1,0,0,0,0,0,0,0,0,0,0,0,0,0,0,0,0,0,0,0,0,0,0,1,0,0,0,0,0,0,0,0,0,0,0,0,11
20140412,707711725,0,85144097,29698750,150161844,0,48890910,28715116,35369488,36854531,67839734,118140760,29831999,18818622,22432106,15360184,10697592,9755992,               0,0,0,0,0,1,0,0,0,0,0,0,0,0,0,0,0,0,0,0,0,0,0,0,0,0,0,0,1,0,0,0,0,0,0,0,0,0,0,0,12
20140413,772601950,0,110231743,86058524,105054718,0,47773090,31253741,27765324,67471018,79992592,114328793,21197156,22142271,24496874,15614483,9519691,9701932,               0,0,0,0,0,0,0,0,0,0,0,0,0,0,0,0,0,0,0,0,0,0,0,0,0,0,0,0,0,0,0,0,0,0,0,0,0,0,0,0,13
20140414,1259423598,0,201523426,87627576,256032783,0,102869156,37274654,47994700,102953901,119387896,158134840,38590046,35422259,32026054,19027140,10972729,9586438,          1,0,0,0,0,0,0,0,0,0,0,0,0,0,0,0,0,0,0,0,0,0,0,0,0,0,0,0,0,0,0,0,0,0,0,0,0,0,0,0,14
20140415,1223264292,0,193757589,47757541,127575741,0,58623832,47343971,47875447,113869253,158884310,239760833,55555583,43324063,33117560,35105189,11152817,9560563,           0,1,0,0,0,0,0,0,0,0,0,0,0,0,0,0,0,0,0,0,0,0,0,0,0,0,0,0,0,0,0,0,0,0,0,0,0,0,0,0,15
20140416,1345449736,0,274746409,155172234,156163742,0,85108622,53374835,34309764,90916359,135990708,187081161,50279990,40099781,34212208,24613011,13642579,9738333,           0,0,1,0,0,0,0,0,0,0,0,0,0,0,0,0,0,0,0,0,0,0,0,0,0,0,0,0,0,0,0,0,0,0,0,0,0,0,0,0,16
20140417,1021224192,0,179851870,103855907,118948422,0,61791287,51764251,28066178,74486834,108779621,158947873,37517159,25824452,29102857,20776741,11784701,9726039,           0,0,0,1,0,0,0,0,0,0,0,0,0,0,0,0,0,0,0,0,0,0,0,0,0,0,0,0,0,0,0,0,0,0,0,0,0,0,0,0,17
20140418,936390049,0,178957329,46608894,146131877,0,88332081,47563018,49642827,51317452,85015787,126711215,28555181,21452780,23881306,23006868,9444980,9768454,               0,0,0,0,1,0,0,0,0,0,0,0,0,0,0,0,0,0,0,0,0,0,0,0,0,0,0,0,0,0,0,0,0,0,0,0,0,0,0,0,18
20140419,638608183,0,146307922,40946033,75254323,0,26619612,18969302,47313526,42448917,43477949,106231305,23749026,19453450,16610940,11727477,9685074,9813327,                0,0,0,0,0,1,0,0,0,0,0,0,0,0,0,0,0,0,0,0,0,0,0,0,0,0,0,0,0,0,0,0,0,0,0,0,0,0,0,0,19
20140420,703398344,0,109956436,56701464,111578183,0,34997164,24647202,23723309,47430346,80707735,103564829,25688302,21594069,25426353,16749013,10882681,9751258,              0,0,0,0,0,0,0,0,0,0,0,0,0,0,0,0,0,0,0,0,0,0,0,0,0,0,0,0,0,0,0,0,0,0,0,0,0,0,0,0,20
20140421,1063131843,0,272534458,80782392,106764056,0,71034753,11612893,40636316,74897765,103439369,165973753,31483293,30404622,34380185,18666884,10808571,9712533,            1,0,0,0,0,0,0,0,0,0,0,0,0,0,0,0,0,0,0,0,0,0,0,0,0,0,0,0,0,0,0,0,0,0,0,0,0,0,0,0,21
20140422,1002091172,0,239197840,108752914,108577843,0,47895170,14503762,23597260,84713386,99963688,147222668,39815201,24667233,22667646,21731381,9115390,9669790,             0,1,0,0,0,0,0,0,0,0,0,0,0,0,0,0,0,0,0,0,0,0,0,0,0,0,0,0,0,0,0,0,0,0,0,0,0,0,0,0,22
20140423,978502181,0,182928656,128877456,120739698,0,47509503,10574818,64841734,72965207,84318474,141167973,37648609,29840772,21227759,15301369,10859221,9700932,             0,0,1,0,0,0,0,0,0,0,0,0,0,0,0,0,0,0,0,0,0,0,0,0,0,0,0,0,0,0,0,0,0,0,0,0,0,0,0,0,23
20140424,908095681,0,152613259,91309764,153097743,0,58702320,17400431,32488040,65405287,83591035,138237344,31609978,25128662,22243431,17795579,8882171,9590637,               0,0,0,1,0,0,0,0,0,0,0,0,0,0,0,0,0,0,0,0,0,0,0,0,0,0,0,0,0,0,0,0,0,0,0,0,0,0,0,0,24
20140425,695964483,0,139180435,40464267,56882074,0,36068945,22819133,29653318,40337448,64291554,147833352,28032781,26409707,25227495,19680397,9532246,9551331,                0,0,0,0,1,0,0,0,0,0,0,0,0,0,0,0,0,0,0,0,0,0,0,0,0,0,0,0,0,0,0,0,0,0,0,0,0,0,0,0,25
20140426,533977905,0,130845663,40694275,49215448,0,33587595,22233463,16893701,26243522,37408386,96596402,19365193,22055185,12033729,9711510,7560025,9533808,                  0,0,0,0,0,1,1,0,0,0,0,0,0,0,0,0,1,0,0,0,0,0,0,0,0,0,0,0,0,0,0,0,0,0,0,0,0,0,0,0,26
20140427,665447090,0,161679013,80087206,33247749,0,45048803,19849941,24245848,51784345,60750618,101927722,21986284,16430689,18365299,13614682,6954001,9474890,                0,0,0,0,0,0,0,1,0,0,0,0,0,0,0,0,0,1,0,0,0,0,0,0,0,0,0,0,0,0,0,0,0,0,0,0,0,0,0,0,27
20140428,1051066944,0,186282249,91973363,116108247,0,46463700,43634452,55937485,65656942,127305440,171834163,42660228,32699216,31800538,19930265,9325549,9455107,             1,0,0,0,0,0,0,0,1,0,0,0,0,0,0,0,0,0,1,0,0,0,0,0,0,0,0,0,0,0,0,0,0,0,0,0,0,0,0,0,28
20140429,1178699905,0,281134359,94331566,127736199,0,42000224,53195042,29549343,90700112,143980455,180030141,43852548,34164680,21438549,17920060,9349202,9317425,             0,1,0,0,0,0,0,0,0,1,0,0,0,0,0,0,0,0,0,1,0,0,0,0,0,0,0,0,0,0,0,0,0,0,0,0,0,0,0,0,29
20140430,954543853,0,231023897,75353927,45314521,0,52135918,24009243,21427521,65713244,139307650,153501851,37084169,39719685,27902919,21843351,10741266,9464691,              0,0,1,0,0,0,0,0,0,0,1,0,0,0,0,0,0,0,0,0,1,0,0,0,0,0,0,0,0,0,0,0,0,0,0,0,0,0,0,0,30
20140501,778337841,0,85402024,24663892,200868611,0,23977272,10275628,47526093,47243438,91849997,139231026,25974311,24441064,24812270,14232952,8436711,9402552,                0,0,0,1,0,0,0,0,0,0,0,1,0,0,0,0,0,0,0,0,0,1,0,0,0,0,0,0,0,0,0,0,0,0,0,0,0,0,0,0,31
20140502,465347969,0,86456537,17128570,66771605,0,13134395,14112265,22669734,27090655,65981793,79789664,17742700,15042501,9787122,12978644,7208225,9453559,                   0,0,0,0,1,0,0,0,0,0,0,0,1,0,0,0,0,0,0,0,0,0,1,0,0,0,0,0,0,0,0,0,0,0,0,0,0,0,0,0,32
20140503,656845067,0,94138737,60951329,69465126,0,34968227,22367900,30385886,49433654,95561117,97305063,22600371,28069553,18490251,14463353,9150341,9494159,                  0,0,0,0,0,1,0,0,0,0,0,0,0,1,0,0,0,0,0,0,0,0,0,1,0,0,0,0,0,0,0,0,0,0,0,0,0,0,0,0,33
20140504,1101374451,0,186785763,102390133,84285917,0,61084046,31145921,85972247,114123733,129204026,171487147,38077370,32407423,25565712,19853399,9425624,9565990,            0,0,0,0,0,0,0,0,0,0,0,0,0,0,1,0,0,0,0,0,0,0,0,0,1,0,0,0,0,0,0,0,0,0,0,0,0,0,0,0,34
20140505,1220629656,0,187267204,64747953,106236112,0,36387813,66240905,75944622,108306381,150720374,254605502,54282984,37183999,33630500,24391254,11323658,9360395,           1,0,0,0,0,0,0,0,0,0,0,0,0,0,0,1,0,0,0,0,0,0,0,0,0,1,0,0,0,0,0,0,0,0,0,0,0,0,0,0,35
20140506,1256897928,0,143196301,211545965,95328175,0,61276080,41035708,74980235,88300716,158692914,238727251,39996022,34088098,26908276,20796891,12386822,9638474,            0,1,0,0,0,0,0,0,0,0,0,0,0,0,0,0,0,0,0,0,0,0,0,0,0,0,1,0,0,0,0,0,0,0,0,0,0,0,0,0,36
20140507,1128803744,0,171861841,43695818,115583770,0,115612135,43707618,46080497,130860147,125511940,205945471,29479748,36563570,26036044,19146134,9162036,9556975,           0,0,1,0,0,0,0,0,0,0,0,0,0,0,0,0,0,0,0,0,0,0,0,0,0,0,0,1,0,0,0,0,0,0,0,0,0,0,0,0,37
20140508,1097052866,0,161567633,108566620,99614349,0,72846979,47326242,49709788,88699427,125842679,201540623,41179997,38996978,24111373,18345831,9214929,9489418,             0,0,0,1,0,0,0,0,0,0,0,0,0,0,0,0,0,0,0,0,0,0,0,0,0,0,0,0,1,0,0,0,0,0,0,0,0,0,0,0,38
20140509,894071348,0,170685823,47826846,91599842,0,48746178,28553579,28887195,72834980,100722728,155567133,42764253,34233965,32123855,19286607,10684313,9554051,              0,0,0,0,1,0,0,0,0,0,0,0,0,0,0,0,0,0,0,0,0,0,0,0,0,0,0,0,0,0,0,0,0,0,0,0,0,0,0,0,39
20140510,656123522,0,105470049,50302606,58436611,0,35741104,8974370,26362682,39141954,80141736,140011894,29982356,20624536,21291773,21030695,9106078,9505078,                 0,0,0,0,0,1,0,0,0,0,0,0,0,0,0,0,0,0,0,0,0,0,0,0,0,0,0,0,0,0,0,0,0,0,0,0,0,0,0,0,40
20140511,669062622,0,118718652,67808786,56425921,0,44496481,19515285,30254908,47128417,58612926,127207191,26416359,14342097,20400620,17910962,10358637,9465380,               0,0,0,0,0,0,0,0,0,0,0,0,0,0,0,0,0,0,0,0,0,0,0,0,0,0,0,0,0,0,0,0,0,0,0,0,0,0,0,0,41
20140512,1052953833,0,185504569,64130022,84052497,0,86923140,43702953,45598393,67057271,119539841,187097043,49227912,35014721,38538868,24632560,12548051,9385992,             1,0,0,0,0,0,0,0,0,0,0,0,0,0,0,0,0,0,0,0,0,0,0,0,0,0,0,0,0,0,0,0,0,0,0,0,0,0,0,0,42
20140513,903048513,0,152093598,60341870,85622146,0,25544569,23149764,40543824,64327447,134183128,182185137,35659365,28085356,28974664,22503613,10517461,9316571,              0,1,0,0,0,0,0,0,0,0,0,0,0,0,0,0,0,0,0,0,0,0,0,0,0,0,0,0,0,0,0,0,0,0,0,0,0,0,0,0,43
20140514,891196203,0,110116134,114294453,81372540,0,31588233,32252262,32214665,68319013,112215958,188571353,31084984,25763091,23688705,20345585,9933925,9435302,              0,0,1,0,0,0,0,0,0,0,0,0,0,0,0,0,0,0,0,0,0,0,0,0,0,0,0,0,0,0,0,0,0,0,0,0,0,0,0,0,44
20140515,1178654309,0,147867982,106353524,215560063,0,53176256,46672188,47201778,52634982,90862882,233326362,47491214,44563234,35513833,34328674,13666683,9434654,            0,0,0,1,0,0,0,0,0,0,0,0,0,0,0,0,0,0,0,0,0,0,0,0,0,0,0,0,0,0,0,0,0,0,0,0,0,0,0,0,45
20140516,768103727,0,114364231,47353918,53806205,0,31657816,35111153,32788256,57229306,88582274,165582904,42743669,30132624,30864772,18974879,9475832,9435888,                0,0,0,0,1,0,0,0,0,0,0,0,0,0,0,0,0,0,0,0,0,0,0,0,0,0,0,0,0,0,0,0,0,0,0,0,0,0,0,0,46
20140517,571486415,0,109014670,45700974,68337445,0,38675179,18098931,10265880,29565099,53884361,95150230,24529961,25716274,18104886,17920705,7141751,9380069,                 0,0,0,0,0,1,0,0,0,0,0,0,0,0,0,0,0,0,0,0,0,0,0,0,0,0,0,0,0,0,0,0,0,0,0,0,0,0,0,0,47
20140518,561691078,0,93949942,44439140,42965162,0,41490611,19535278,21652641,35461104,65412495,97867005,25269533,25971699,13673169,15571102,9099953,9332244,                  0,0,0,0,0,0,0,0,0,0,0,0,0,0,0,0,0,0,0,0,0,0,0,0,0,0,0,0,0,0,0,0,0,0,0,0,0,0,0,0,48
20140519,1039499558,0,173752820,56399003,206388061,0,32362639,33334849,41808520,66709753,98877601,172135556,41843778,44119158,37040588,16090987,9012051,9624194,              1,0,0,0,0,0,0,0,0,0,0,0,0,0,0,0,0,0,0,0,0,0,0,0,0,0,0,0,0,0,0,0,0,0,0,0,0,0,0,0,49
20140520,818112014,0,164694255,27386528,42022870,0,28751658,21571903,51874044,50648935,108902461,169342522,32711511,35974630,37322340,25842584,11475799,9589974,              0,1,0,0,0,0,0,0,0,0,0,0,0,0,0,0,0,0,0,0,0,0,0,0,0,0,0,0,0,0,0,0,0,0,0,0,0,0,0,0,50
20140521,938398048,0,150677796,29613583,132531462,0,28475084,31721643,60159059,81288092,124987580,163631845,34253976,26456074,26381970,26228689,12336199,9654996,             0,0,1,0,0,0,0,0,0,0,0,0,0,0,0,0,0,0,0,0,0,0,0,0,0,0,0,0,0,0,0,0,0,0,0,0,0,0,0,0,51
20140522,812605917,0,144283807,25572743,83118554,0,47191716,58504772,35398100,38809953,78207306,174180693,40589837,25573742,24554543,16670346,10542381,9407424,               0,0,0,1,0,0,0,0,0,0,0,0,0,0,0,0,0,0,0,0,0,0,0,0,0,0,0,0,0,0,0,0,0,0,0,0,0,0,0,0,52
20140523,737689778,0,89006832,59761235,110465559,0,39815977,17986771,26382280,62325630,53952927,152041006,41262636,24778700,25446056,16155970,8947902,9360297,                0,0,0,0,1,0,0,0,0,0,0,0,0,0,0,0,0,0,0,0,0,0,0,0,0,0,0,0,0,0,0,0,0,0,0,0,0,0,0,0,53
20140524,511825401,0,126497655,23857176,25803321,0,32795833,12722390,18201396,33850003,51084847,93015641,26395952,19415123,18217252,12138707,8709024,9121081,                 0,0,0,0,0,1,0,0,0,0,0,0,0,0,0,0,0,0,0,0,0,0,0,0,0,0,0,0,0,0,0,0,0,0,0,0,0,0,0,0,54
20140525,511745121,0,96973129,30391748,85715727,0,13783236,7913568,10472787,32715553,59455521,82023966,24277933,21741062,18247227,12067541,6903097,9063026,                   0,0,0,0,0,0,0,0,0,0,0,0,0,0,0,0,0,0,0,0,0,0,0,0,0,0,0,0,0,0,0,0,0,0,0,0,0,0,0,0,55
20140526,919251708,0,188593873,36994236,132140121,0,79046332,30448712,36484241,60550005,94394909,134247860,29697807,26141495,32608255,19513417,9371851,9018594,               1,0,0,0,0,0,0,0,0,0,0,0,0,0,0,0,1,0,0,0,0,0,0,0,0,0,0,0,0,0,0,0,0,0,0,0,0,0,0,0,56
20140527,927971288,0,149255370,63299583,145102845,0,41374806,50611807,20997609,54486477,121804872,167680314,34427628,25879749,22133429,13382901,8518587,9015311,              0,1,0,0,0,0,1,0,0,0,0,0,0,0,0,0,0,1,0,0,0,0,0,0,0,0,0,0,0,0,0,0,0,0,0,0,0,0,0,0,57
20140528,955772465,0,167619568,72505477,102892830,0,83662150,18495957,34114665,84941164,101531983,169543743,32413817,26850559,25803520,18835824,7444010,9117198,              0,0,1,0,0,0,0,1,0,0,0,0,0,0,0,0,0,0,1,0,0,0,0,0,0,0,0,0,0,0,0,0,0,0,0,0,0,0,0,0,58
20140529,795733998,0,146535555,51896030,95317760,0,21830882,48832505,33322638,57599774,79157488,142188148,30217254,32453347,17073729,20262919,10104918,8941051,               0,0,0,1,0,0,0,0,1,0,0,0,0,0,0,0,0,0,0,1,0,0,0,0,0,0,0,0,0,0,0,0,0,0,0,0,0,0,0,0,59
20140530,760329532,0,178985539,76891767,39242504,0,7945454,21085832,22333546,54428811,89174537,162834337,25049102,24295214,21323248,17342738,10135754,9261149,                0,0,0,0,1,0,0,0,0,1,0,0,0,0,0,0,0,0,0,0,1,0,0,0,0,0,0,0,0,0,0,0,0,0,0,0,0,0,0,0,60
20140531,473381901,0,90471016,46458416,26750786,0,19963926,11238914,6128186,24289395,51018533,99563148,23744173,24516024,16270606,16186135,7809283,8973360,                   0,0,0,0,0,1,0,0,0,0,1,0,0,0,0,0,0,0,0,0,0,1,0,0,0,0,0,0,0,0,0,0,0,0,0,0,0,0,0,0,61
20140601,702573488,0,100223867,51434301,85285502,0,52858274,19893674,33692460,51505133,100186790,121210001,19716633,22200420,15704869,12857074,6890984,8913506,               0,0,0,0,0,0,0,0,0,0,0,1,0,0,0,0,0,0,0,0,0,0,1,0,0,0,0,0,0,0,0,0,0,0,0,0,0,0,0,0,62
20140602,658151688,0,125618255,31351333,62745698,0,41932185,18365072,32967754,52215736,91180222,104018513,26824169,19945827,17473569,15020501,9657787,8835067,                1,0,0,0,0,0,0,0,0,0,0,0,1,0,0,0,0,0,0,0,0,0,0,1,0,0,0,0,0,0,0,0,0,0,0,0,0,0,0,0,63
20140603,1187345693,0,224986359,89501712,167489875,0,48393500,32706959,56602461,101753759,141079153,180744382,38032711,36162957,29776668,20931284,10224565,8959348,           0,1,0,0,0,0,0,0,0,0,0,0,0,1,0,0,0,0,0,0,0,0,0,0,1,0,0,0,0,0,0,0,0,0,0,0,0,0,0,0,64
20140604,1064097227,0,152202821,103321849,143690941,0,56557899,42727811,44723762,101801872,132808442,155151427,34928465,36027552,20117916,21490637,9415810,9130023,           0,0,1,0,0,0,0,0,0,0,0,0,0,0,1,0,0,0,0,0,0,0,0,0,0,1,0,0,0,0,0,0,0,0,0,0,0,0,0,0,65
20140605,1128839299,0,150688616,172002659,139367936,0,27528829,54798471,37063611,78927638,117861295,202195306,45187350,35701423,27261693,19576715,11380713,9297044,           0,0,0,1,0,0,0,0,0,0,0,0,0,0,0,1,0,0,0,0,0,0,0,0,0,0,1,0,0,0,0,0,0,0,0,0,0,0,0,0,66
20140606,897803019,0,149874631,55866110,63364240,0,21585206,56419258,43784929,74153433,133643119,158583697,40585178,31691948,28505714,19489138,11193209,9063209,              0,0,0,0,1,0,0,0,0,0,0,0,0,0,0,0,0,0,0,0,0,0,0,0,0,0,0,1,0,0,0,0,0,0,0,0,0,0,0,0,67
20140607,622568595,0,136697819,16152962,85009415,0,27755525,10680250,44181032,60822033,71627216,81167580,19753483,19475056,17649143,14476493,8021660,9098928,                 0,0,0,0,0,1,0,0,0,0,0,0,0,0,0,0,0,0,0,0,0,0,0,0,0,0,0,0,1,0,0,0,0,0,0,0,0,0,0,0,68
20140608,621693135,0,116999161,26798541,102255130,0,8420426,17181193,39785810,34476768,69405782,113193340,17588374,22899787,20390014,13644650,9603896,9050263,                0,0,0,0,0,0,0,0,0,0,0,0,0,0,0,0,0,0,0,0,0,0,0,0,0,0,0,0,0,0,0,0,0,0,0,0,0,0,0,0,69
20140609,945973950,0,159361971,45238739,143456766,0,40833687,13441409,35856644,46093347,119877671,179747894,49956669,42771930,29596895,20782581,9813673,9144074,              1,0,0,0,0,0,0,0,0,0,0,0,0,0,0,0,0,0,0,0,0,0,0,0,0,0,0,0,0,0,0,0,0,0,0,0,0,0,0,0,70
20140610,1200566357,0,186620563,66127520,78075503,0,68549772,20393906,49666868,100330151,160409031,260819296,56295555,54124236,49507653,26988196,13602199,9055908,            0,1,0,0,0,0,0,0,0,0,0,0,0,0,0,0,0,0,0,0,0,0,0,0,0,0,0,0,0,0,0,0,0,0,0,0,0,0,0,0,71
20140611,1102669619,0,158129332,66847897,100155614,0,69033949,22002722,66274611,85793567,145914258,212572456,48627698,49565972,34598102,23739561,10171600,9242280,            0,0,1,0,0,0,0,0,0,0,0,0,0,0,0,0,0,0,0,0,0,0,0,0,0,0,0,0,0,0,0,0,0,0,0,0,0,0,0,0,72
20140612,1019305875,0,207442437,69111734,91180375,0,55796875,13182536,50352148,76627839,154133930,162674146,41313935,32581690,27668470,18804680,9251286,9183794,              0,0,0,1,0,0,0,0,0,0,0,0,0,0,0,0,0,0,0,0,0,0,0,0,0,0,0,0,0,0,0,0,0,0,0,0,0,0,0,0,73
20140613,847676780,0,145514199,32851499,65958994,0,45316640,23692393,22028019,49972857,122318662,176463292,52271022,31980279,37235147,21484273,11252365,9337139,              0,0,0,0,1,0,0,0,0,0,0,0,0,0,0,0,0,0,0,0,0,0,0,0,0,0,0,0,0,1,0,0,0,0,0,0,0,0,0,0,74
20140614,553565926,0,100650176,22005349,33795994,0,18912220,14511754,8164684,46319661,67900494,129963601,31755087,20349585,18115872,22623374,9225029,9273046,                 0,0,0,0,0,1,0,0,0,0,0,0,0,0,0,0,0,0,0,0,0,0,0,0,0,0,0,0,0,0,1,0,0,0,0,0,0,0,0,0,75
20140615,679624017,0,141206529,43894487,43132984,0,27233885,16391016,17844549,36466748,91100005,128850039,34670553,30357711,29851394,19159442,10240593,9224082,               0,0,0,0,0,0,0,0,0,0,0,0,0,0,0,0,0,0,0,0,0,0,0,0,0,0,0,0,0,0,0,1,0,0,0,0,0,0,0,0,76
20140616,1087295170,0,159603693,79406548,99905606,0,26937212,19257128,44625311,71714017,171338070,232075526,47882314,40010709,39005187,30458141,15970703,9105005,             1,0,0,0,0,0,0,0,0,0,0,0,0,0,0,0,0,0,0,0,0,0,0,0,0,0,0,0,0,0,0,0,1,0,0,0,0,0,0,0,77
20140617,926432573,0,164049080,48775688,70324773,0,50106131,22853825,33209494,59462934,124633176,189462148,43581037,41606992,32852087,24399216,12181995,8933997,              0,1,0,0,0,0,0,0,0,0,0,0,0,0,0,0,0,0,0,0,0,0,0,0,0,0,0,0,0,0,0,0,0,1,0,0,0,0,0,0,78
20140618,960036386,0,163010522,106898609,66006145,0,52969303,24522360,32969136,81694955,82664515,194680378,43013907,35089093,38067116,17266094,12290163,8894090,              0,0,1,0,0,0,0,0,0,0,0,0,0,0,0,0,0,0,0,0,0,0,0,0,0,0,0,0,0,0,0,0,0,0,1,0,0,0,0,0,79
20140619,788071537,0,145385252,68818105,107179060,0,25584665,13565745,12076914,56187967,87424967,150106314,33798893,25844300,27691369,15233627,10582935,8591424,              0,0,0,1,0,0,0,0,0,0,0,0,0,0,0,0,0,0,0,0,0,0,0,0,0,0,0,0,0,0,0,0,0,0,0,1,0,0,0,0,80
20140620,757412696,0,128846383,50057291,58562118,0,43891944,28492407,23464551,37837319,88953008,152699581,42657333,33340696,27475246,20423476,11835049,8876294,               0,0,0,0,1,0,0,0,0,0,0,0,0,0,0,0,0,0,0,0,0,0,0,0,0,0,0,0,0,0,0,0,0,0,0,0,1,0,0,0,81
20140621,562620598,0,120302661,16094050,65551658,0,31691484,31850530,5447498,50954255,56866471,93788736,19031022,22992347,16483482,14496279,8621766,8448359,                  0,0,0,0,0,1,0,0,0,0,0,0,0,0,0,0,0,0,0,0,0,0,0,0,0,0,0,0,0,0,0,0,0,0,0,0,0,1,0,0,82
20140622,551254134,0,164292648,26088457,28955654,0,35346493,6944168,15461480,34009892,48497924,99712175,20080750,15988589,22906648,15120893,9449491,8398872,                  0,0,0,0,0,0,0,0,0,0,0,0,0,0,0,0,0,0,0,0,0,0,0,0,0,0,0,0,0,0,0,0,0,0,0,0,0,0,1,0,83
20140623,906367187,0,170719420,46025872,121004484,0,52925422,13124035,37984568,71683327,94098631,180134336,35873264,23193895,21991339,18712634,10530500,8365460,              1,0,0,0,0,0,0,0,0,0,0,0,0,0,0,0,0,0,0,0,0,0,0,0,0,0,0,0,0,0,0,0,0,0,0,0,0,0,0,1,84
20140624,925758962,0,235443011,131036503,43821406,0,32568806,12362856,29458691,71415395,109254866,139687698,33165524,25268907,22946275,21741041,9261887,8326096,              0,1,0,0,0,0,0,0,0,0,0,0,0,0,0,0,0,0,0,0,0,0,0,0,0,0,0,0,0,0,0,0,0,0,0,0,0,0,0,0,85
20140625,999715349,0,155049387,46025797,190384566,0,59194780,28709717,29265443,78790462,114263613,170734476,28595483,22381201,35244804,22123706,10947781,8004133,             0,0,1,0,0,0,0,0,0,0,0,0,0,0,0,0,0,0,0,0,0,0,0,0,0,0,0,0,0,0,0,0,0,0,0,0,0,0,0,0,86
20140626,1071073702,0,244827119,159095289,95097086,0,64537793,33807166,31679347,57862431,94008697,170887570,40218122,27811862,18591698,15250552,9574860,7824110,              0,0,0,1,0,0,1,0,0,0,0,0,0,0,0,0,0,0,0,0,0,0,0,0,0,0,0,0,0,0,0,0,0,0,0,0,0,0,0,0,87
20140627,772628991,0,167076728,34437622,52252657,0,62794579,15869236,12601215,65524886,95176541,149906157,28100839,24445296,27654181,18060649,10777478,7950927,               0,0,0,0,1,0,0,1,0,0,0,0,0,0,0,0,0,0,0,0,0,0,0,0,0,0,0,0,0,0,0,0,0,0,0,0,0,0,0,0,88
20140628,459919077,0,123445629,22429559,41479496,0,40115053,9204412,24644,22268701,45756714,71884752,20048970,21154167,16940625,10024419,7299095,7842841,                     0,0,0,0,0,1,0,0,1,0,0,0,0,0,0,0,0,0,0,0,0,0,0,0,0,0,0,0,0,0,0,0,0,0,0,0,0,0,0,0,89
20140629,530991916,0,95609367,61645867,47141599,0,14633004,13567683,14806981,23614284,76940515,91214388,23259309,23137004,16101835,13983824,7558409,7777847,                  0,0,0,0,0,0,0,0,0,1,0,0,0,0,0,0,0,0,0,0,0,0,0,0,0,0,0,0,0,0,0,0,0,0,0,0,0,0,0,0,90
20140630,1049909872,0,189722615,96528924,88906872,0,30022681,29278570,38086990,69703900,139864952,197785184,51872921,40545865,35206558,23432925,11267854,7683061,             1,0,0,0,0,0,0,0,0,0,1,0,0,0,0,0,0,0,0,0,0,0,0,0,0,0,0,0,0,0,0,0,0,0,0,0,0,0,0,0,91
20140701,1474952418,0,191118307,72932529,291531785,0,74869419,61752758,58799930,90514916,197452177,279560971,43254331,48727496,23891840,23073148,9645586,7827225,             0,1,0,0,0,0,0,0,0,0,0,1,0,0,0,0,0,0,0,0,0,0,0,0,0,0,0,0,0,0,0,0,0,0,0,0,0,0,0,0,92
20140702,1023655040,0,167136663,68267167,77789348,0,58635659,44799602,44440557,59717642,183314475,179910449,32468602,38904268,24552394,25766461,10239109,7712644,             0,0,1,0,0,0,0,0,0,0,0,0,1,0,0,0,0,0,0,0,0,0,0,0,0,0,0,0,0,0,0,0,0,0,0,0,0,0,0,0,93
20140703,865020939,0,135192528,84918434,53752237,0,32145815,21689792,52564682,66501659,115187839,184153479,31159650,31418374,24590044,15249369,8763471,7733566,               0,0,0,1,0,0,0,0,0,0,0,0,0,1,0,0,0,0,0,0,0,0,0,0,0,0,0,0,0,0,0,0,0,0,0,0,0,0,0,0,94
20140704,766416389,0,130985524,27741826,31860014,0,38755505,33544909,19373343,75192722,84602087,193769889,38917134,33304134,21568221,20335586,8826078,7639417,                0,0,0,0,1,0,0,0,0,0,0,0,0,0,1,0,0,0,0,0,0,0,0,0,0,0,0,0,0,0,0,0,0,0,0,0,0,0,0,0,95
20140705,603141127,0,162337572,42518033,33786220,0,24857600,19309424,10926979,23861854,63675098,122243214,29344633,23546288,15820498,12763658,10525422,7624634,               0,0,0,0,0,1,0,0,0,0,0,0,0,0,0,1,0,0,0,0,0,0,0,0,0,0,0,0,0,0,0,0,0,0,0,0,0,0,0,0,96
20140706,562663095,0,112155460,49094056,77233511,0,5051929,6920856,12940109,38256585,63222116,111393586,26064430,19165079,15482748,10162595,7959412,7560623,                  0,0,0,0,0,0,0,0,0,0,0,0,0,0,0,0,0,0,0,0,0,0,0,0,0,0,0,0,0,0,0,0,0,0,0,0,0,0,0,0,97
20140707,921670164,0,215617289,35493110,66076160,0,20891004,25775256,43184316,60252650,117299382,189462933,39974413,39915043,24677364,25453815,10076161,7521268,              1,0,0,0,0,0,0,0,0,0,0,0,0,0,0,0,0,0,0,0,0,0,0,0,0,0,0,0,0,0,0,0,0,0,0,0,0,0,0,0,98
20140708,895222658,0,113253989,45019731,64297723,0,53785615,26808449,39562015,75883731,132876125,192073671,33889748,39687384,32453901,26623501,11571106,7435969,              0,1,0,0,0,0,0,0,0,0,0,0,0,0,0,0,0,0,0,0,0,0,0,0,0,0,0,0,0,0,0,0,0,0,0,0,0,0,0,0,99
20140709,846147377,0,165510284,76995636,37821331,0,33914113,17097538,23127743,55646260,137311627,174376585,31350911,28810988,24119772,21551384,11031251,7481954,              0,0,1,0,0,0,0,0,0,0,0,0,0,0,0,0,0,0,0,0,0,0,0,0,0,0,0,0,0,0,0,0,0,0,0,0,0,0,0,0,100
20140710,908593707,0,135378436,51866700,64938118,0,33814044,40116524,20168049,49102788,119258903,205683136,43552955,52757213,40849315,30316271,13245171,7546084,              0,0,0,1,0,0,0,0,0,0,0,0,0,0,0,0,0,0,0,0,0,0,0,0,0,0,0,0,0,0,0,0,0,0,0,0,0,0,0,0,101
20140711,810702591,0,146218358,63457493,56123234,0,22610104,38328498,35267557,63681141,86317710,146962434,45446528,29409049,32292800,25950144,11174699,7462842,               0,0,0,0,1,0,0,0,0,0,0,0,0,0,0,0,0,0,0,0,0,0,0,0,0,0,0,0,0,0,0,0,0,0,0,0,0,0,0,0,102
20140712,490816331,0,95985740,26554534,39995870,0,24209753,2907454,11410216,41197809,54810629,100309564,21447408,18414834,19233323,19557133,7364103,7417961,                  0,0,0,0,0,1,0,0,0,0,0,0,0,0,0,0,0,0,0,0,0,0,0,0,0,0,0,0,0,0,0,0,0,0,0,0,0,0,0,0,103
20140713,492106815,0,76777189,30852925,49843827,0,14130103,14547106,14181808,32239765,55080137,111001516,25923095,25416662,14358797,12462378,7938319,7353188,                 0,0,0,0,0,0,0,0,0,0,0,0,0,0,0,0,0,0,0,0,0,0,0,0,0,0,0,0,0,0,0,0,0,0,0,0,0,0,0,0,104
20140714,816002855,0,139396856,43690844,67027566,0,36955415,12466582,38598438,87373010,81052496,180838411,34244108,26182725,30654406,21556565,8545973,7419460,                1,0,0,0,0,0,0,0,0,0,0,0,0,0,0,0,0,0,0,0,0,0,0,0,0,0,0,0,0,0,0,0,0,0,0,0,0,0,0,0,105
20140715,1199706539,0,157088570,67671150,272739111,0,35581937,15454341,47702332,70074106,125569269,205731106,66704116,36092875,41658502,36198290,14004056,7436778,            0,1,0,0,0,0,0,0,0,0,0,0,0,0,0,0,0,0,0,0,0,0,0,0,0,0,0,0,0,0,0,0,0,0,0,0,0,0,0,0,106
20140716,1117385812,0,191874896,87695892,147982357,0,40666082,21531753,46382552,47625223,145697092,207904427,46521587,38256961,36573139,33510923,17640807,7522121,            0,0,1,0,0,0,0,0,0,0,0,0,0,0,0,0,0,0,0,0,0,0,0,0,0,0,0,0,0,0,0,0,0,0,0,0,0,0,0,0,107
20140717,754657224,0,151672431,35411320,52404555,0,18894090,23269478,35326307,36796333,93028383,162088715,38947583,38775653,27130570,22440228,11072526,7399052,               0,0,0,1,0,0,0,0,0,0,0,0,0,0,0,0,0,0,0,0,0,0,0,0,0,0,0,0,0,0,0,0,0,0,0,0,0,0,0,0,108
20140718,699898681,0,156000583,39875100,46554161,0,16052336,26526143,13174464,35595357,98864995,152487938,28959235,25619907,22577879,19668439,10490436,7451708,               0,0,0,0,1,0,0,0,0,0,0,0,0,0,0,0,0,0,0,0,0,0,0,0,0,0,0,0,0,0,0,0,0,0,0,0,0,0,0,0,109
20140719,497127226,0,124673442,17216556,35549747,0,12961619,5417366,9634145,24375834,54034609,118165015,19979183,15349365,21274692,20129040,10969152,7397461,                 0,0,0,0,0,1,0,0,0,0,0,0,0,0,0,0,0,0,0,0,0,0,0,0,0,0,0,0,0,0,0,0,0,0,0,0,0,0,0,0,110
20140720,563514516,0,103226867,34828021,72884760,0,15038617,11860819,12692070,47814412,52223318,121033920,19649559,21548130,19760507,16377298,7234416,7341802,                0,0,0,0,0,0,0,0,0,0,0,0,0,0,0,0,0,0,0,0,0,0,0,0,0,0,0,0,0,0,0,0,0,0,0,0,0,0,0,0,111
20140721,812402502,0,128230491,60223219,96118139,0,16611449,31616051,34061691,53649658,95131762,173140624,23657032,34060047,27263922,21185903,9956692,7495822,                1,0,0,0,0,0,0,0,0,0,0,0,0,0,0,0,0,0,0,0,0,0,0,0,0,0,0,0,0,0,0,0,0,0,0,0,0,0,0,0,112
20140722,876626847,0,181986675,60285457,61836848,0,44905314,40856085,21269192,42561972,115918914,159449524,39832185,42743125,28593564,17915474,11210188,7262330,              0,1,0,0,0,0,0,0,0,0,0,0,0,0,0,0,0,0,0,0,0,0,0,0,0,0,0,0,0,0,0,0,0,0,0,0,0,0,0,0,113
20140723,769465745,0,112905262,104278490,71389741,0,27267339,20266330,23859358,46539004,102551413,130252082,34112754,39738212,25297690,15631244,8009551,7367275,              0,0,1,0,0,0,0,0,0,0,0,0,0,0,0,0,0,0,0,0,0,0,0,0,0,0,0,0,0,0,0,0,0,0,0,0,0,0,0,0,114
20140724,857754340,0,225592385,27412548,118758231,0,25577351,42355026,22689702,52295128,79097937,145289720,31458772,24843255,26888094,18191362,9993265,7311564,               0,0,0,1,0,0,0,0,0,0,0,0,0,0,0,0,0,0,0,0,0,0,0,0,0,0,0,0,0,0,0,0,0,0,0,0,0,0,0,0,115
20140725,674322175,0,136696444,31785229,43044396,0,43308479,13695827,12164489,44524390,90693682,133878840,32607883,30447034,27112027,17155368,9917618,7290469,                0,0,0,0,1,0,0,0,0,0,0,0,0,0,0,0,0,0,0,0,0,0,0,0,0,0,0,0,0,0,0,0,0,0,0,0,0,0,0,0,116
20140726,472103636,0,94865021,15665384,22846157,0,29674482,12736885,28482977,28084418,58323411,92028534,23979504,15677809,21658781,12871983,7931889,7276401,                  0,0,0,0,0,1,0,0,0,0,0,0,0,0,0,0,0,0,0,0,0,0,0,0,0,0,0,0,0,0,0,0,0,0,0,0,0,0,0,0,117
20140727,491670992,0,109089037,31557055,41856631,0,27123545,17250008,18532727,11247204,60111607,90462132,19998285,17105049,18190586,13837724,8072793,7236609,                 0,0,0,0,0,0,1,0,0,0,0,0,0,0,0,0,0,0,0,0,0,0,0,0,0,0,0,0,0,0,0,0,0,0,0,0,0,0,0,0,118
20140728,904706937,0,146943950,114772769,58879618,0,46394229,34024189,41475500,65018788,101715701,159409259,42530717,26485288,28431790,22351380,9053537,7220222,              1,0,0,0,0,0,0,1,0,0,0,0,0,0,0,0,0,0,0,0,0,0,0,0,0,0,0,0,0,0,0,0,0,0,0,0,0,0,0,0,119
20140729,1059252693,0,207051897,115342348,101962928,0,51318272,40613835,21145365,103011075,95867178,179808306,40179904,41012653,24265060,20053751,10522847,7097274,           0,1,0,0,0,0,0,0,1,0,0,0,0,0,0,0,0,0,0,0,0,0,0,0,0,0,0,0,0,0,0,0,0,0,0,0,0,0,0,0,120
20140730,913436819,0,187783080,55559602,95339477,0,27648154,37085757,32077300,66922780,105375356,170409938,34401828,36776892,29071234,19779237,8042805,7163379,               0,0,1,0,0,0,0,0,0,1,0,0,0,0,0,0,0,0,0,0,0,0,0,0,0,0,0,0,0,0,0,0,0,0,0,0,0,0,0,0,121
20140731,913271653,0,165121009,51718166,94813326,0,28417371,24605265,52070601,72490254,89017417,192310608,41722865,29414816,31697596,21532701,11148260,7191398,               0,0,0,1,0,0,0,0,0,0,1,0,0,0,0,0,0,0,0,0,0,0,0,0,0,0,0,0,0,0,0,0,0,0,0,0,0,0,0,0,122
20140801,1058749069,0,133703373,94621358,119260013,0,44363404,31885473,68523178,85630816,157167076,186241809,41027954,29645821,29476670,18607684,11406814,7187626,            0,0,0,0,1,0,0,0,0,0,0,1,0,0,0,0,0,0,0,0,0,0,0,0,0,0,0,0,0,0,0,0,0,0,0,0,0,0,0,0,123
20140802,492331219,0,111654333,27420479,38678870,0,10387759,7499427,20111686,30430108,61119308,87213706,20921101,22759707,23407605,14849123,8677490,7200517,                  0,0,0,0,0,1,0,0,0,0,0,0,1,0,0,0,0,0,0,0,0,0,0,0,0,0,0,0,0,0,0,0,0,0,0,0,0,0,0,0,124
20140803,509703165,0,92756379,22285084,35281292,0,31779602,16921150,17916706,35506379,65721950,95861360,31025421,16660548,15791848,16633062,8403160,7159224,                  0,0,0,0,0,0,0,0,0,0,0,0,0,1,0,0,0,0,0,0,0,0,0,0,0,0,0,0,0,0,0,0,0,0,0,0,0,0,0,0,125
20140804,978541315,0,188381796,63856473,82812298,0,38950625,30687526,48344258,77856804,131880067,190585962,31808125,24394951,29013509,23078383,9601902,7288636,               1,0,0,0,0,0,0,0,0,0,0,0,0,0,1,0,0,0,0,0,0,0,0,0,0,0,0,0,0,0,0,0,0,0,0,0,0,0,0,0,126
20140805,1066119055,0,162772069,72459397,69142469,0,38933526,20933929,44037217,97572242,148423552,252327478,51854309,34592011,31924130,23665575,10356981,7124170,             0,1,0,0,0,0,0,0,0,0,0,0,0,0,0,1,0,0,0,0,0,0,0,0,0,0,0,0,0,0,0,0,0,0,0,0,0,0,0,0,127
20140806,986584982,0,145414726,44679319,121672661,0,39708832,14765955,47585479,87639847,125182414,220304470,37997352,33539834,29322816,20774562,10823308,7173407,             0,0,1,0,0,0,0,0,0,0,0,0,0,0,0,0,0,0,0,0,0,0,0,0,0,0,0,0,0,0,0,0,0,0,0,0,0,0,0,0,128
20140807,848386863,0,148209774,31622412,77918725,0,49271947,12051064,40085105,59578676,110578790,172795356,41000363,34608584,34389174,19225370,9841381,7210142,               0,0,0,1,0,0,0,0,0,0,0,0,0,0,0,0,0,0,0,0,0,0,0,0,0,0,0,0,0,0,0,0,0,0,0,0,0,0,0,0,129
20140808,788157530,0,104455047,47458348,51356375,0,24308026,52815168,25705118,59711831,73011243,176063591,36055200,49060821,30839822,32689872,17257622,7369446,               0,0,0,0,1,0,0,0,0,0,0,0,0,0,0,0,0,0,0,0,0,0,0,0,0,0,0,0,0,0,0,0,0,0,0,0,0,0,0,0,130
20140809,532950268,0,105936482,24538162,41776754,0,12531607,28610604,19980767,27349649,45190845,113740840,32426234,26402318,21819580,16700923,8735336,7210167,                0,0,0,0,0,1,0,0,0,0,0,0,0,0,0,0,0,0,0,0,0,0,0,0,0,0,0,0,0,0,0,0,0,0,0,0,0,0,0,0,131
20140810,560382846,0,138190392,27389318,48260505,0,21015398,11608470,11973863,39741036,72385297,96578205,15490868,22530689,22743684,15904553,9398710,7171858,                 0,0,0,0,0,0,0,0,0,0,0,0,0,0,0,0,0,0,0,0,0,0,0,0,0,0,0,0,0,0,0,0,0,0,0,0,0,0,0,0,132
20140811,1044906048,0,177536966,55796752,126955371,0,34764144,32064754,34609820,75276724,125875624,205552528,43017259,46261889,35256314,31143326,13625570,7169007,            1,0,0,0,0,0,0,0,0,0,0,0,0,0,0,0,0,0,0,0,0,0,0,0,0,0,0,0,0,0,0,0,0,0,0,0,0,0,0,0,133
20140812,910921779,0,134040508,64692089,79022966,0,49262331,26911176,33736019,65057867,112042888,200883881,30562442,35781614,31857307,26201110,13793143,7076438,              0,1,0,0,0,0,0,0,0,0,0,0,0,0,0,0,0,0,0,0,0,0,0,0,0,0,0,0,0,0,0,0,0,0,0,0,0,0,0,0,134
20140813,873889875,0,162849124,45901690,46523257,0,46487105,33803715,45939470,73583696,92129854,185421343,31160609,32947160,33611822,23911423,12464422,7155185,               0,0,1,0,0,0,0,0,0,0,0,0,0,0,0,0,0,0,0,0,0,0,0,0,0,0,0,0,0,0,0,0,0,0,0,0,0,0,0,0,135
20140814,859069275,0,153168052,47257470,63870928,0,61185661,25584810,23615462,81720801,111054021,149642597,44654970,28308374,26334004,26524345,8848646,7299134,               0,0,0,1,0,0,0,0,0,0,0,0,0,0,0,0,0,0,0,0,0,0,0,0,0,0,0,0,0,0,0,0,0,0,0,0,0,0,0,0,136
20140815,907231639,0,112821016,51789820,84536373,0,42766098,47704071,22605412,53796115,108005403,176837438,44192408,50348783,52692650,36826482,15169136,7140434,              0,0,0,0,1,0,0,0,0,0,0,0,0,0,0,0,0,0,0,0,0,0,0,0,0,0,0,0,0,0,0,0,0,0,0,0,0,0,0,0,137
20140816,629684170,0,111649231,48167933,96352954,0,22318574,29257683,11975799,21804348,55084943,120412374,25686409,21814729,23622209,21706105,12688441,7142438,               0,0,0,0,0,1,0,0,0,0,0,0,0,0,0,0,0,0,0,0,0,0,0,0,0,0,0,0,0,0,0,0,0,0,0,0,0,0,0,0,138
20140817,595302144,0,111807106,24905596,69935321,0,19496825,10701569,14744936,41165400,63388474,117753512,35495267,28521508,19904640,19755869,10623624,7102497,               0,0,0,0,0,0,0,0,0,0,0,0,0,0,0,0,0,0,0,0,0,0,0,0,0,0,0,0,0,0,0,0,0,0,0,0,0,0,0,0,139
20140818,1061305003,0,210266157,63780857,98064790,0,27034041,21396111,24274099,118602209,111070520,208558824,53523149,37108712,37625427,27151412,15804390,7044305,            1,0,0,0,0,0,0,0,0,0,0,0,0,0,0,0,0,0,0,0,0,0,0,0,0,0,0,0,0,0,0,0,0,0,0,0,0,0,0,0,140
20140819,897405573,0,176416559,58353074,63761474,0,55561884,36242944,18186289,65210736,102223406,179017332,36996475,42149422,23932278,20299560,11944553,7109587,              0,1,0,0,0,0,0,0,0,0,0,0,0,0,0,0,0,0,0,0,0,0,0,0,0,0,0,0,0,0,0,0,0,0,0,0,0,0,0,0,141
20140820,867945824,0,152569215,24880847,91739199,0,25386432,40063305,40432363,45404661,104564120,181445179,37083387,40678915,33607839,27777560,15094657,7218145,              0,0,1,0,0,0,0,0,0,0,0,0,0,0,0,0,0,0,0,0,0,0,0,0,0,0,0,0,0,0,0,0,0,0,0,0,0,0,0,0,142
20140821,771401448,0,97998604,81438533,48069227,0,57061921,29946608,44227142,46786471,67907047,158028345,37001079,28349826,32019692,21810647,13587788,7168518,                0,0,0,1,0,0,0,0,0,0,0,0,0,0,0,0,0,0,0,0,0,0,0,0,0,0,0,0,0,0,0,0,0,0,0,0,0,0,0,0,143
20140822,719795171,0,137859614,59515807,58838255,0,47400304,22541726,25636818,49101504,74617044,118413485,26181269,28937933,32705974,21476883,9486094,7082461,                0,0,0,0,1,0,0,0,0,0,0,0,0,0,0,0,0,0,0,0,0,0,0,0,0,0,0,0,0,0,0,0,0,0,0,0,0,0,0,0,144
20140823,470538363,0,97965305,17473734,29401637,0,13985822,6231110,8271084,26066104,68875759,85230337,31267838,21388412,29129164,15529901,12671353,7050803,                   0,0,0,0,0,1,0,0,0,0,0,0,0,0,0,0,0,0,0,0,0,0,0,0,0,0,0,0,0,0,0,0,0,0,0,0,0,0,0,0,145
20140824,634013190,0,98796080,54670764,114678030,0,24176940,10048697,21005381,25684018,71374977,96486249,30347557,18288041,30261672,19638124,11555158,7001502,                0,0,0,0,0,0,0,0,0,0,0,0,0,0,0,0,0,0,0,0,0,0,0,0,0,0,0,0,0,0,0,0,0,0,0,0,0,0,0,0,146
20140825,899802762,0,137500276,71593856,90819599,0,45897663,23666928,53334522,48489935,103074041,168804141,41162448,36903904,28463888,29206925,13856803,7027833,              1,0,0,0,0,0,0,0,0,0,0,0,0,0,0,0,0,0,0,0,0,0,0,0,0,0,0,0,0,0,0,0,0,0,0,0,0,0,0,0,147
20140826,1035959193,0,231943791,51781540,111197935,0,57157231,13865334,35837123,61609188,130836574,188622144,38806056,36646660,27460982,30452914,12785134,6956587,            0,1,0,0,0,0,0,0,0,0,0,0,0,0,0,0,0,0,0,0,0,0,0,0,0,0,0,0,0,0,0,0,0,0,0,0,0,0,0,0,148
20140827,907457819,0,218651727,91031097,54601489,0,52095086,29626420,27271628,63228493,84376246,147043081,35642055,32690560,30633684,21481835,12089005,6995413,               0,0,1,0,0,0,1,0,0,0,0,0,0,0,0,0,0,0,0,0,0,0,0,0,0,0,0,0,0,0,0,0,0,0,0,0,0,0,0,0,149
20140828,839003229,0,129030535,31856792,121846825,0,39068112,7352404,29264774,61699139,112123158,154109582,42261888,35682671,30121088,25005745,12625878,6954638,              0,0,0,1,0,0,0,1,0,0,0,0,0,0,0,0,0,0,0,0,0,0,0,0,0,0,0,0,0,0,0,0,0,0,0,0,0,0,0,0,150
20140829,902409507,0,160404006,31571751,121845969,0,29502156,11351698,21635329,70464667,103397625,191158195,38277697,38705836,36327560,27728112,13054362,6984544,             0,0,0,0,1,0,0,0,1,0,0,0,0,0,0,0,0,0,0,0,0,0,0,0,0,0,0,0,0,0,0,0,0,0,0,0,0,0,0,0,151
20140830,607576562,0,113241643,30262194,65289884,0,21161232,7358038,23501162,50721230,60264770,115972171,24019617,29069736,25421062,20559665,13743136,6991022,                0,0,0,0,0,1,0,0,0,1,0,0,0,0,0,0,0,0,0,0,0,0,0,0,0,0,0,0,0,0,0,0,0,0,0,0,0,0,0,0,152
20140831,658944188,0,108243120,42081913,82000353,0,24545559,3245857,27187843,45466650,82567472,130680143,31873637,18269919,19552878,22542330,13739872,6946642,                0,0,0,0,0,0,0,0,0,0,1,0,0,0,0,0,0,0,0,0,0,0,0,0,0,0,0,0,0,0,0,0,0,0,0,0,0,0,0,0,153
20140901,NA,NA,NA,NA,NA,NA,NA,NA,NA,NA,NA,NA,NA,NA,NA,NA,NA,NA,                                                                                                               1,0,0,0,0,0,0,0,0,0,0,1,0,0,0,0,1,0,0,0,0,0,0,0,0,0,0,0,0,0,0,0,0,0,0,0,0,0,0,0,154
20140902,NA,NA,NA,NA,NA,NA,NA,NA,NA,NA,NA,NA,NA,NA,NA,NA,NA,NA,                                                                                                               0,1,0,0,0,0,0,0,0,0,0,0,1,0,0,0,0,1,0,0,0,0,0,0,0,0,0,0,0,0,0,0,0,0,0,0,0,0,0,0,155
20140903,NA,NA,NA,NA,NA,NA,NA,NA,NA,NA,NA,NA,NA,NA,NA,NA,NA,NA,                                                                                                               0,0,1,0,0,0,0,0,0,0,0,0,0,1,0,0,0,0,1,0,0,0,0,0,0,0,0,0,0,0,0,0,0,0,0,0,0,0,0,0,156
20140904,NA,NA,NA,NA,NA,NA,NA,NA,NA,NA,NA,NA,NA,NA,NA,NA,NA,NA,                                                                                                               0,0,0,1,0,0,0,0,0,0,0,0,0,0,1,0,0,0,0,1,0,0,0,0,0,0,0,0,0,0,0,0,0,0,0,0,0,0,0,0,157
20140905,NA,NA,NA,NA,NA,NA,NA,NA,NA,NA,NA,NA,NA,NA,NA,NA,NA,NA,                                                                                                               0,0,0,0,1,0,0,0,0,0,0,0,0,0,0,1,0,0,0,0,1,0,0,0,0,0,0,0,0,0,0,0,0,0,0,0,0,0,0,0,158
20140906,NA,NA,NA,NA,NA,NA,NA,NA,NA,NA,NA,NA,NA,NA,NA,NA,NA,NA,                                                                                                               0,0,0,0,0,1,0,0,0,0,0,0,0,0,0,0,0,0,0,0,0,1,0,0,0,0,0,0,0,0,0,0,0,0,0,0,0,0,0,0,159
20140907,NA,NA,NA,NA,NA,NA,NA,NA,NA,NA,NA,NA,NA,NA,NA,NA,NA,NA,                                                                                                               0,0,0,0,0,0,0,0,0,0,0,0,0,0,0,0,0,0,0,0,0,0,1,0,0,0,0,0,0,0,0,0,0,0,0,0,0,0,0,0,160
20140908,NA,NA,NA,NA,NA,NA,NA,NA,NA,NA,NA,NA,NA,NA,NA,NA,NA,NA,                                                                                                               1,0,0,0,0,0,0,0,0,0,0,0,0,0,0,0,0,0,0,0,0,0,0,1,0,0,0,0,0,0,0,0,0,0,0,0,0,0,0,0,161
20140909,NA,NA,NA,NA,NA,NA,NA,NA,NA,NA,NA,NA,NA,NA,NA,NA,NA,NA,                                                                                                               0,1,0,0,0,0,0,0,0,0,0,0,0,0,0,0,0,0,0,0,0,0,0,0,1,0,0,0,0,0,0,0,0,0,0,0,0,0,0,0,162
20140910,NA,NA,NA,NA,NA,NA,NA,NA,NA,NA,NA,NA,NA,NA,NA,NA,NA,NA,                                                                                                               0,0,1,0,0,0,0,0,0,0,0,0,0,0,0,0,0,0,0,0,0,0,0,0,0,1,0,0,0,0,0,0,0,0,0,0,0,0,0,0,163
20140911,NA,NA,NA,NA,NA,NA,NA,NA,NA,NA,NA,NA,NA,NA,NA,NA,NA,NA,                                                                                                               0,0,0,1,0,0,0,0,0,0,0,0,0,0,0,0,0,0,0,0,0,0,0,0,0,0,1,0,0,0,0,0,0,0,0,0,0,0,0,0,164
20140912,NA,NA,NA,NA,NA,NA,NA,NA,NA,NA,NA,NA,NA,NA,NA,NA,NA,NA,                                                                                                               0,0,0,0,1,0,0,0,0,0,0,0,0,0,0,0,0,0,0,0,0,0,0,0,0,0,0,1,0,0,0,0,0,0,0,0,0,0,0,0,165
20140913,NA,NA,NA,NA,NA,NA,NA,NA,NA,NA,NA,NA,NA,NA,NA,NA,NA,NA,                                                                                                               0,0,0,0,0,1,0,0,0,0,0,0,0,0,0,0,0,0,0,0,0,0,0,0,0,0,0,0,1,0,0,0,0,0,0,0,0,0,0,0,166
20140914,NA,NA,NA,NA,NA,NA,NA,NA,NA,NA,NA,NA,NA,NA,NA,NA,NA,NA,                                                                                                               0,0,0,0,0,0,0,0,0,0,0,0,0,0,0,0,0,0,0,0,0,0,0,0,0,0,0,0,0,0,0,0,0,0,0,0,0,0,0,0,167
20140915,NA,NA,NA,NA,NA,NA,NA,NA,NA,NA,NA,NA,NA,NA,NA,NA,NA,NA,                                                                                                               1,0,0,0,0,0,0,0,0,0,0,0,0,0,0,0,0,0,0,0,0,0,0,0,0,0,0,0,0,0,0,0,0,0,0,0,0,0,0,0,168
20140916,NA,NA,NA,NA,NA,NA,NA,NA,NA,NA,NA,NA,NA,NA,NA,NA,NA,NA,                                                                                                               0,1,0,0,0,0,0,0,0,0,0,0,0,0,0,0,0,0,0,0,0,0,0,0,0,0,0,0,0,0,0,0,0,0,0,0,0,0,0,0,169
20140917,NA,NA,NA,NA,NA,NA,NA,NA,NA,NA,NA,NA,NA,NA,NA,NA,NA,NA,                                                                                                               0,0,1,0,0,0,0,0,0,0,0,0,0,0,0,0,0,0,0,0,0,0,0,0,0,0,0,0,0,0,0,0,0,0,0,0,0,0,0,0,170
20140918,NA,NA,NA,NA,NA,NA,NA,NA,NA,NA,NA,NA,NA,NA,NA,NA,NA,NA,                                                                                                               0,0,0,1,0,0,0,0,0,0,0,0,0,0,0,0,0,0,0,0,0,0,0,0,0,0,0,0,0,0,0,0,0,0,0,0,0,0,0,0,171
20140919,NA,NA,NA,NA,NA,NA,NA,NA,NA,NA,NA,NA,NA,NA,NA,NA,NA,NA,                                                                                                               0,0,0,0,1,0,0,0,0,0,0,0,0,0,0,0,0,0,0,0,0,0,0,0,0,0,0,0,0,0,0,0,0,0,0,0,0,0,0,0,172
20140920,NA,NA,NA,NA,NA,NA,NA,NA,NA,NA,NA,NA,NA,NA,NA,NA,NA,NA,                                                                                                               0,0,0,0,0,1,0,0,0,0,0,0,0,0,0,0,0,0,0,0,0,0,0,0,0,0,0,0,0,0,0,0,0,0,0,0,0,0,0,0,173
20140921,NA,NA,NA,NA,NA,NA,NA,NA,NA,NA,NA,NA,NA,NA,NA,NA,NA,NA,                                                                                                               0,0,0,0,0,0,0,0,0,0,0,0,0,0,0,0,0,0,0,0,0,0,0,0,0,0,0,0,0,0,0,0,0,0,0,0,0,0,0,0,174
20140922,NA,NA,NA,NA,NA,NA,NA,NA,NA,NA,NA,NA,NA,NA,NA,NA,NA,NA,                                                                                                               1,0,0,0,0,0,0,0,0,0,0,0,0,0,0,0,0,0,0,0,0,0,0,0,0,0,0,0,0,0,0,0,0,0,0,0,0,0,0,0,175
20140923,NA,NA,NA,NA,NA,NA,NA,NA,NA,NA,NA,NA,NA,NA,NA,NA,NA,NA,                                                                                                               0,1,0,0,0,0,0,0,0,0,0,0,0,0,0,0,0,0,0,0,0,0,0,0,0,0,0,0,0,0,0,0,0,0,0,0,0,0,0,0,176
20140924,NA,NA,NA,NA,NA,NA,NA,NA,NA,NA,NA,NA,NA,NA,NA,NA,NA,NA,                                                                                                               0,0,1,0,0,0,0,0,0,0,0,0,0,0,0,0,0,0,0,0,0,0,0,0,0,0,0,0,0,0,0,0,0,0,0,0,0,0,0,0,177
20140925,NA,NA,NA,NA,NA,NA,NA,NA,NA,NA,NA,NA,NA,NA,NA,NA,NA,NA,                                                                                                               0,0,0,1,0,0,0,0,0,0,0,0,0,0,0,0,0,0,0,0,0,0,0,0,0,0,0,0,0,0,0,0,0,0,0,0,0,0,0,0,178
20140926,NA,NA,NA,NA,NA,NA,NA,NA,NA,NA,NA,NA,NA,NA,NA,NA,NA,NA,                                                                                                               0,0,0,0,1,0,1,0,0,0,0,0,0,0,0,0,1,0,0,0,0,0,0,0,0,0,0,0,0,0,0,0,0,0,0,0,0,0,0,0,179
20140927,NA,NA,NA,NA,NA,NA,NA,NA,NA,NA,NA,NA,NA,NA,NA,NA,NA,NA,                                                                                                               0,0,0,0,0,1,0,1,0,0,0,0,0,0,0,0,0,1,0,0,0,0,0,0,0,0,0,0,0,0,0,0,0,0,0,0,0,0,0,0,180
20140928,NA,NA,NA,NA,NA,NA,NA,NA,NA,NA,NA,NA,NA,NA,NA,NA,NA,NA,                                                                                                               0,0,0,0,0,0,0,0,1,0,0,0,0,0,0,0,0,0,1,0,0,0,0,0,0,0,0,0,0,0,0,0,0,0,0,0,0,0,0,0,181
20140929,NA,NA,NA,NA,NA,NA,NA,NA,NA,NA,NA,NA,NA,NA,NA,NA,NA,NA,                                                                                                               1,0,0,0,0,0,0,0,0,1,0,0,0,0,0,0,0,0,0,1,0,0,0,0,0,0,0,0,0,0,0,0,0,0,0,0,0,0,0,0,182
20140930,NA,NA,NA,NA,NA,NA,NA,NA,NA,NA,NA,NA,NA,NA,NA,NA,NA,NA,                                                                                                               0,1,0,0,0,0,0,0,0,0,1,0,0,0,0,0,0,0,0,0,1,0,0,0,0,0,0,0,0,0,0,0,0,0,0,0,0,0,0,0,183
