report_date,total_redeem_amt,tftobal_amt,category1,category2,category3,category4,card0,card1,card2,card3,card4,card5,card6,card7,card8,card9,card10,card11,
20130701,21851573,18601559,0,2390229,0,859785,0,0,0,0,0,0,0,0,0,0,0,0,
20130702,19010502,17509366,0,295980,0,1205156,0,0,0,0,0,0,0,0,0,0,0,0,
20130703,17428422,14998495,200000,467904,0,1762023,0,0,0,0,0,0,0,0,0,0,0,0,
20130704,14703974,12486772,603630,534231,0,1079341,0,0,0,0,0,0,0,0,0,0,0,0,
20130705,31713671,29500289,301000,237058,0,1675324,0,0,0,0,0,0,0,0,0,0,0,0,
20130706,74699259,73459180,100000,28510,0,1111569,0,0,0,0,0,0,0,0,0,0,0,0,
20130707,9602385,6918062,462445,78970,0,2142908,0,0,0,0,0,0,0,0,0,0,0,0,
20130708,41452867,39158220,453736,601356,0,1239555,0,0,0,0,0,0,0,0,0,0,0,0,
20130709,41372614,38342196,550412,358449,0,2121557,0,0,0,0,0,0,0,0,0,0,0,0,
20130710,31634221,25367357,2870439,152007,0,3244418,0,0,0,0,0,0,0,0,0,0,0,0,
20130711,22046059,18078117,687773,449400,0,2830769,0,0,0,0,0,0,0,0,0,0,0,0,
20130712,18300289,15925259,624470,123708,0,1626852,0,0,0,0,0,0,0,0,0,0,0,0,
20130713,16731966,14618120,745215,301111,0,1067520,0,0,0,0,0,0,0,0,0,0,0,0,
20130714,27812261,25121349,692789,297773,0,1700350,0,0,0,0,0,0,0,0,0,0,0,0,
20130715,55116249,50222884,2125226,529095,0,2239044,0,0,0,0,0,0,0,0,0,0,0,0,
20130716,54367170,50434247,1853628,707920,0,1371375,0,0,0,0,0,0,0,0,0,0,0,0,
20130717,45060341,37969344,3029198,1586852,0,2474947,0,0,0,0,0,0,0,0,0,0,0,0,
20130718,25731560,20834048,896200,257743,0,3743569,0,0,0,0,0,0,0,0,0,0,0,0,
20130719,31941311,27468474,617921,2307660,0,1547256,0,0,0,0,0,0,0,0,0,0,0,0,
20130720,82545582,80028417,838552,304599,0,1374014,0,0,0,0,0,0,0,0,0,0,0,0,
20130721,30565706,25269463,2335727,473474,0,2487042,0,0,0,0,0,0,0,0,0,0,0,0,
20130722,67759707,58062640,4159623,2025186,0,3512258,0,0,0,0,0,0,0,0,0,0,0,0,
20130723,59762619,53425907,2729007,263348,0,3344357,0,0,0,0,0,0,0,0,0,0,0,0,
20130724,39424121,33695798,2770185,235415,0,2722723,0,0,0,0,0,0,0,0,0,0,0,0,
20130725,51764200,41494420,5754400,297936,0,4217444,0,0,0,0,0,0,0,0,0,0,0,0,
20130726,41900767,36562770,1601308,471730,0,3264959,0,0,0,0,0,0,0,0,0,0,0,0,
20130727,40057095,36202503,1265025,743041,0,1846526,0,0,0,0,0,0,0,0,0,0,0,0,
20130728,22044292,17513271,1570222,334343,0,2626456,0,0,0,0,0,0,0,0,0,0,0,0,
20130729,64669683,60694377,966996,420373,0,2587937,0,0,0,0,0,0,0,0,0,0,0,0,
20130730,74137709,64654788,5294726,982595,0,3205600,0,0,0,0,0,0,0,0,0,0,0,0,
20130731,59459072,53531389,3099213,197158,0,2631312,0,0,0,0,0,0,0,0,0,0,0,0,
20130801,41559970,35063209,1882775,1303357,0,3310629,0,0,0,0,0,0,0,0,0,0,0,0,
20130802,37600789,29917985,3683931,438181,0,3560692,0,0,0,0,0,0,0,0,0,0,0,0,
20130803,26542205,20667148,2732864,520190,0,2622003,0,0,0,0,0,0,0,0,0,0,0,0,
20130804,44363222,39877082,1646775,329888,0,2509477,0,0,0,0,0,0,0,0,0,0,0,0,
20130805,65338007,55610562,4477274,999932,0,4250239,0,0,0,0,0,0,0,0,0,0,0,0,
20130806,70121588,62158620,2376323,782008,0,4804637,0,0,0,0,0,0,0,0,0,0,0,0,
20130807,69020943,62057392,3113636,577174,0,3272741,0,0,0,0,0,0,0,0,0,0,0,0,
20130808,74245716,68861404,925370,1410217,0,3048725,0,0,0,0,0,0,0,0,0,0,0,0,
20130809,54769573,48989072,2534601,469497,0,2776403,0,0,0,0,0,0,0,0,0,0,0,0,
20130810,69136310,59263732,4600787,167735,0,5104056,0,0,0,0,0,0,0,0,0,0,0,0,
20130811,55427761,45749341,1646801,4342265,0,3689354,0,0,0,0,0,0,0,0,0,0,0,0,
20130812,80773448,68095529,8071601,593079,0,4013239,0,0,0,0,0,0,0,0,0,0,0,0,
20130813,91256470,81689702,6586169,112870,0,2867729,0,0,0,0,0,0,0,0,0,0,0,0,
20130814,63204820,57973529,481382,1210465,0,3539444,0,0,0,0,0,0,0,0,0,0,0,0,
20130815,59770163,53255115,1919400,837217,0,3758431,0,0,0,0,0,0,0,0,0,0,0,0,
20130816,54846511,47598792,1821009,604461,0,4822249,0,0,0,0,0,0,0,0,0,0,0,0,
20130817,35793786,30715235,2054356,289900,0,2581461,0,0,0,0,0,0,2017,0,0,0,99816,51001,
20130818,51116403,40050212,6408867,326045,0,3921553,0,0,0,0,0,0,10318,0,0,200902,2932,195574,
20130819,66398761,51942800,9072600,829139,0,3377475,0,0,0,200014,0,0,13437,0,769190,98645,0,95461,
20130820,71532646,58779847,2595465,562234,0,3752405,0,0,0,0,0,4980973,537137,0,205621,108744,0,10220,
20130821,98511807,82958039,4746660,807860,0,2629747,0,0,196665,0,0,5075368,113963,29782,910025,974053,10065,59580,
20130822,86499939,55262350,9730848,719590,0,4102432,0,3829754,153723,4010219,0,0,2069611,1374247,464291,1276993,2376873,1129008,
20130823,81660445,40837959,5654030,769961,0,5447007,0,17898367,0,0,5457642,2422657,407112,405188,302973,311749,1140997,604803,
20130824,67043497,46048441,6777114,573806,0,3411992,0,5121272,0,204358,97880,545354,1997272,16,221592,221855,1021268,801277,
20130825,74745835,28925854,4359750,710194,0,2287794,0,34506186,0,355208,0,102088,542466,0,1094448,581467,630747,649633,
20130826,100484900,64827160,4838783,5464928,0,4713223,0,69635,1595719,5258391,1063788,6896352,1422593,1129655,1364790,1385733,192750,261400,
20130827,82944250,36252087,5972017,847259,0,3864720,0,17880385,0,101792,4882118,6354934,3322061,457498,188162,529413,1419538,872266,
20130828,99807687,51980977,12931827,836733,0,3737586,0,99,21824,8115456,3254471,11751874,4450927,29708,1261643,568526,606185,259851,
20130829,131776147,64484667,3837212,1344116,0,3120408,0,14459641,70926,3093882,8844252,18138899,4071628,3679151,1820233,3425239,811048,574845,
20130830,84859725,38731164,9980094,683198,0,4227990,0,14628071,196038,9944,2136865,5530580,2448991,632223,1690328,2182078,1175675,606486,
20130831,64787947,15792524,6479716,2365296,0,3275221,0,14821601,0,10744807,50106,3666861,1451581,161541,978879,2465498,1235763,1298553,
20130901,80432194,32240283,8151295,943027,0,3080411,0,17870367,975342,2706169,4666219,10067,4889712,404068,1886537,459550,1110897,1038250,
20130902,103258517,41024768,7489080,724427,0,4581670,0,12991702,9268513,1988267,2867196,6455055,4287623,6606071,818033,1426001,1229776,1500335,
20130903,105069571,38445461,7792511,4032595,0,4110913,0,13574896,1971786,6161415,8447718,8254471,7561558,1603963,516456,428254,1551647,615927,
20130904,106392031,37485560,2680026,571998,0,4166491,0,20321954,6337397,11837711,0,11732957,5176715,835918,1219865,1437901,1675496,912042,
20130905,95864734,48327339,4040506,6314737,0,4414518,0,17500588,209042,3434701,2256189,1449634,2686256,1001617,1332898,968678,480675,1447356,
20130906,87619123,27112101,8526449,1301103,0,3228673,0,18493263,4884001,0,4629240,5844210,5062001,525521,4415286,2305915,1027374,263986,
20130907,96814347,48412000,4280003,1410500,0,3687441,0,22254397,3781924,1025998,247750,169759,5012306,32724,2772369,2908161,527701,291314,
20130908,58083083,18973308,5701858,5595610,0,3568568,0,5890716,0,0,5054129,355369,6118124,874059,561923,671130,4021865,696424,
20130909,144106500,40648903,7557526,6654120,0,7468533,0,44916374,10995741,1096661,2559521,3750175,9436860,2266703,1189359,1965227,2197266,1403531,
20130910,149199095,43797987,8131071,1141939,0,4364804,0,67047301,1725306,3585599,3241929,4090258,7685772,1285760,1345366,395599,347842,1012562,
20130911,120905488,35755903,9507778,1183925,0,6033188,0,43505240,649245,5130593,2047,4692139,7020222,2110946,1794780,1449777,1111703,958002,
20130912,132803465,40722864,10698402,1112723,0,4031280,0,40441894,0,5432172,8224826,5123423,8929017,2012607,2239677,92335,2260781,1481464,
20130913,137814861,77642279,4132550,6304627,0,3957833,0,19079241,499479,3581378,10513301,644137,3720918,1265687,1459600,3525191,845736,642904,
20130914,106016121,23313715,4293070,5880863,0,3495724,0,39101622,2010666,9393992,11157917,2058442,1291109,1027799,726330,811167,957506,496199,
20130915,109075943,47594300,4776671,2895768,0,4379871,0,15629197,6653,6809675,7040159,1741815,13271281,137429,493728,1679740,1987565,632091,
20130916,174434843,39547799,6325867,1685909,0,5035990,0,60042287,10043724,15172804,16069185,5365262,3899940,1791343,757241,2060552,5312697,1324243,
20130917,105209096,37572912,3160864,1295221,0,4807584,0,21616988,20268,505362,9615146,8126099,7234548,196157,5671852,1128025,2903821,1354249,
20130918,94445422,35794900,7164487,837050,0,5287384,0,610387,7731458,200710,10039818,16138740,2310826,997220,976128,2498744,2423653,1433917,
20130919,67518092,17648499,5468512,1204205,0,3037457,0,59614,609394,8195079,10090379,3013374,2413902,3981718,805969,5373922,5074747,541321,
20130920,86462452,15234460,7270355,1135123,0,4145535,0,41189074,2482464,0,5125630,2454730,1083759,1454499,2345094,363766,1333887,844076,
20130921,65382587,23053221,10177849,1610315,0,4143836,0,4544661,0,50923,683927,7040262,4776014,5145019,299755,2943021,635365,278419,
20130922,222081047,70132938,9313385,3762270,0,6933613,0,76781422,2956694,13858176,11391880,15374504,3269146,918051,2683893,2372335,1376534,956206,
20130923,200500964,63017360,6724224,1346340,0,6804730,0,89071604,15614,1505222,2101732,9553947,7024613,2353540,6941397,2358243,1112076,570322,
20130924,143415366,70521006,9826665,4164422,0,4901660,0,19246586,992061,3967483,10849391,776505,2878161,2553612,7024405,2199965,2697715,815729,
20130925,187159134,84573292,14433279,1600728,0,6107559,0,28200131,1058426,7666910,11207273,11274914,11729831,2687867,1237046,1220891,2913342,1247645,
20130926,175389264,54331251,11685704,1441288,0,5458318,0,43995499,4360131,7952452,9192177,15729955,14602786,1328729,571873,653643,2953540,1131918,
20130927,163000500,68120344,13812621,1442024,0,5098019,0,29801342,99192,16753842,1300785,7014156,4864892,4610336,3897579,3073923,2196972,914473,
20130928,337616400,123476961,18645312,2515131,0,7536587,0,152456555,1502509,2225646,7047176,9472735,4954033,1089199,2473488,930418,1622003,1668647,
20130929,183435950,63651312,13688824,3026603,0,5262291,0,52761930,8185663,5599707,3929338,5562763,13787441,1877235,1879550,1922583,1632363,668347,
20130930,133311669,57654653,7900565,3103232,0,4861053,0,21194004,1638004,980830,6050856,3632489,11825089,3749364,5010479,2802501,1482130,1426420,
20131001,67184896,20862936,8252248,7335944,0,4598359,0,5082751,5013485,1689807,4321917,4813325,1521670,604402,1209911,871341,609263,397537,
20131002,42051827,12830132,6546478,1331347,0,3914610,0,0,197974,181435,4071620,7247438,780943,100115,3168696,264606,1179442,236991,
20131003,31411182,10610261,6209234,896137,0,4471349,0,1005561,447185,887687,252123,1388599,169146,324976,1173790,635716,2243374,696044,
20131004,34427288,16181977,5710971,333200,0,3339775,0,1414637,0,0,495048,1083012,1664959,1479611,513450,871862,1177015,161771,
20131005,45713854,6723574,9175162,1956388,0,3291613,0,2620609,608871,6184954,0,1707922,8911476,20199,995015,2434675,821093,262303,
20131006,58465908,9024735,9214573,636769,0,4505352,0,14643580,2024646,195771,0,5240165,7358998,1024447,2827010,264119,614628,891115,
20131007,81253474,17764249,6696141,968539,0,4167588,0,35446669,2962223,4461748,2794081,20671,3032272,1005816,0,379707,893385,660385,
20131008,163559234,47175217,15049991,3698719,0,6997128,0,20808570,12774769,6581380,11642895,10730943,20591318,2584002,421110,1583714,2139112,780366,
20131009,156362027,70252998,7126167,8551266,0,9030744,0,6139797,13445238,0,7414105,11580438,12067681,4008103,2751250,1012903,1595087,1386250,
20131010,145120290,52837137,6496611,2381398,0,5731910,0,45140022,3536978,0,8926912,6386056,6184835,3526557,1195683,1789102,608645,378444,
20131011,94432250,38351753,6707153,6636613,0,7574713,0,10294281,489148,0,3799113,6772528,6252745,1467101,1446454,2843947,1255583,541118,
20131012,113085130,54437463,14575642,1871386,0,4250873,0,15032948,2425380,1129556,3703366,4164779,2769691,2570320,3812712,494231,292081,1554702,
20131013,89589898,27058199,14183555,1922923,0,3722662,0,8786199,793835,1545886,7446932,2376366,13111642,1197110,2487907,2388483,1987166,581033,
20131014,135049585,43417978,9774590,3945327,0,8654299,0,22287906,2715791,3811311,9778593,11886140,9743982,1098281,1010070,2295944,3597935,1031438,
20131015,167794800,23138154,18555140,4806273,0,9128474,0,20165522,3735252,4475044,20194719,22516903,27353690,3114839,2065436,4258958,2222609,2063787,
20131016,176320637,65732479,6032933,1854426,0,5726859,0,42911661,6498037,5056212,10032770,11342856,6734287,2997329,2350148,3299486,4447208,1303946,
20131017,97274132,24042603,11001689,3529533,0,8041477,0,16107766,4976504,2995490,4200543,2466775,12581928,1820025,1184743,1716725,1034772,1573559,
20131018,213786359,50228353,11963271,5978652,0,6992405,0,113399655,0,7405813,1863325,1159990,7103601,1090971,2343049,1711537,1341508,1204229,
20131019,105306562,66699284,3444832,2114054,0,5488784,0,1012799,2278940,2765610,3242762,10194690,1499140,815572,1862392,849420,1291805,1746478,
20131020,118943779,32267557,16890500,1106015,0,6078945,0,13079695,4817313,14443617,10357620,5912511,5647127,2047276,2524584,2207287,834157,729575,
20131021,131038104,24085953,17350779,7138799,0,7040425,0,17645048,7983968,2036861,9902450,4748843,19202757,3444317,4935014,1836263,3156100,530527,
20131022,191740538,60459319,11007635,4662388,0,8291563,0,64311163,9000603,4248426,1606935,7786140,10684413,1538815,2563996,2525002,2114199,939941,
20131023,145998026,56909561,15788498,4455277,0,6765990,0,25792587,20,7854557,8052406,2111700,9454741,1995806,1054983,3274890,1093338,1393672,
20131024,192950089,63333078,11707427,5339554,0,6990922,0,40579893,9865646,7827476,12406451,4987496,10333358,6476890,7537768,2836708,1413651,1313771,
20131025,175427663,45187158,21482995,2837335,0,6533817,0,30627926,25103938,5186639,6087743,2628985,16024932,4030379,1573964,5871545,1431022,819285,
20131026,135526544,48123303,14983059,1578079,0,6109437,0,4003130,24697841,12886907,1291180,2870963,8516154,1338072,2260868,2960955,1984284,1922312,
20131027,149434691,52851473,9620339,1802457,0,6308008,0,25137188,10012133,9480527,3478101,8950051,9163610,5169571,2780817,2006571,1223630,1450215,
20131028,206493938,47146523,11196657,3224047,0,7009892,0,41259083,31962214,4957449,11023759,15300678,19614120,5913186,1887383,3976299,1393472,629176,
20131029,103942357,24207305,7437025,4241503,0,9732306,0,10106259,5016178,5343469,7216131,6672206,11169016,808071,7358079,2266152,1516067,852590,
20131030,230872015,64129881,22243936,9166366,0,7584707,0,46914094,23482691,4466453,24781947,17713002,5557440,316876,1802068,1619341,594037,499176,
20131031,240425134,77611817,19977909,8785165,0,7481041,0,49458620,26969746,2717585,10989036,8489432,15234730,3378182,2866237,2695934,2237488,1532212,
20131101,210667663,41283259,23425841,5639581,0,6760907,0,58950894,3245539,21940403,5809132,6872816,23237970,3481407,4396100,2118031,1892474,1613309,
20131102,104808415,21774463,14020488,3219689,0,5469959,0,23910286,1297283,4589555,2523409,7281324,9260215,4855018,2114510,734373,1390060,2367783,
20131103,132969505,27117977,17916780,1899096,0,7348398,0,27854280,0,217656,16365493,8617528,10425491,1828340,5324621,2607418,2886991,2559436,
20131104,227070264,65525557,20463011,6852440,0,7679989,0,40259290,8011709,7810571,8501372,18000885,22933018,4877070,3819376,4151034,6030436,2154506,
20131105,333941581,123529984,15460261,8903655,0,12439127,0,12247854,6839883,10889781,25873684,37110979,30327232,7416631,12806745,11151962,12342308,6601495,
20131106,333124426,71370656,18715114,11197931,0,12451923,0,83215152,12297314,11161592,9144098,31615501,23316486,5597455,8629687,14656474,9790247,9964796,
20131107,322796764,82268661,18499212,11332853,0,14643254,0,46422058,5893380,13700064,10856633,20620552,38867254,5953404,13788594,15937047,15704207,8309591,
20131108,271373666,74563049,16095605,9530136,0,13656458,0,31287316,1736636,17326651,10525608,30927138,19826238,9972665,6189981,8644002,12371802,8720381,
20131109,166496383,41994346,15480523,5781173,0,16657571,0,9023514,733415,5346817,5635342,13307323,14708766,7186822,2240574,9049791,12320925,7029481,
20131110,230063433,94368050,14642448,7405806,0,24826222,0,17097658,5915327,3629429,3842265,10901602,6259207,5895735,11204259,6341785,10069112,7664528,
20131111,731819386,109513357,16642549,14270497,134703312,320673459,0,44774730,13286440,10495360,15808593,10762202,21526809,2744391,7602556,3928065,1583101,3503965,
20131112,223957703,50302934,25462501,11535256,4453724,17485351,0,45007013,2101566,3513277,7376455,21922333,20450677,2348112,3751488,2521931,3166291,2558794,
20131113,247249532,64990313,11197829,8484691,1000000,17148315,0,62143303,2621557,12568136,27777097,8921043,12356026,2530880,7740586,2341826,3304305,2123625,
20131114,335368661,74674314,15529609,7970704,0,11795633,0,129975728,612275,19008539,23407376,14021904,19679717,6128014,2258490,1559634,6648239,2098485,
20131115,231320833,86272704,12493855,9944125,0,12209069,0,41070904,7824480,2995950,5370224,21330878,14175371,5937790,4675538,1780697,3399276,1839972,
20131116,184811007,61830368,9956768,5168962,0,9950495,0,68474796,1215121,2012291,4052928,853263,4590793,8102145,2232816,1675293,3011161,1683807,
20131117,181926148,36367887,17271793,7394175,0,11726805,0,58839388,5078997,203370,6453383,12830198,10531704,2276018,3882034,3340853,4358226,1371317,
20131118,430463498,131518342,10685036,17087251,0,17188985,0,107580693,9564042,46992571,17005177,20735367,30509737,2903979,7466895,5903222,3222830,2099371,
20131119,368421632,78685582,20163708,11427180,0,13304939,0,136307332,10996766,17768533,32434060,13769342,19859279,1807062,4030961,2458891,4014033,1393964,
20131120,299130814,95217337,30850077,10767046,0,13500916,0,53893373,8516987,16626007,9551242,21567592,22167138,3498965,4072667,2549485,4271735,2080247,
20131121,250055059,78365096,22375734,10215881,0,14075033,0,48080890,2239860,5614598,24389788,15364507,13554784,5124000,1276827,3527088,4041145,1809828,
20131122,196268342,52062330,22509293,9602721,0,11636904,0,13141224,8567161,1455716,7623546,37230903,12332404,5159765,5526744,4162607,3235427,2021597,
20131123,181939042,39273508,22221101,9956871,0,9506136,0,31678153,265162,7144359,6914151,12764955,24227151,1360724,4475520,4966862,4709792,2474597,
20131124,241165482,68668997,35315725,10772133,0,14690331,0,17791248,2278509,9814049,13608553,17726758,31141334,4254690,5630674,4636150,3012015,1824316,
20131125,360684622,107158524,28581239,21952266,0,12754415,0,77221655,7771762,12152225,33970151,16693397,21981423,3423496,3599180,6075911,5572602,1776376,
20131126,296280268,85638604,34863663,15703479,4300000,17794707,0,58565039,4971906,8322207,3058309,31654985,12117081,7764749,4898226,2741748,2308002,1577563,
20131127,297924238,87716021,26388852,7210422,0,14046632,0,79487166,12189387,6099682,14378007,13861966,16412830,6259214,2926489,2213286,6160486,2573798,
20131128,376490798,104250935,35291746,12066539,1200000,11975191,0,97838585,19008168,9910926,24141258,5360529,34156577,3730148,2036278,8579954,5149634,1794330,
20131129,281902898,76827957,20669374,8051161,0,12274880,0,88881192,6450531,1102657,11589188,15925494,22418185,2689915,4191472,5845384,3427925,1557583,
20131130,303528177,65277548,38533211,7035475,0,11812245,0,74923288,5385456,197553,39017639,18978126,21207848,8290747,1184341,3963247,5294116,2427337,
20131201,414011955,159927412,43703873,14056128,0,14120050,0,78262428,14585300,10755389,12820986,13199249,35741964,3656239,3260891,1269054,5165543,3487449,
20131202,393933489,84922634,32531889,6249584,9000000,19220032,0,97826016,32190979,15457728,19888979,34149639,21341870,3404824,6774717,3695908,5551409,1727281,
20131203,344735764,77419042,30568920,4679909,0,18655803,0,75363091,18819892,14583620,17782307,46023634,18173800,3315800,4886835,7783384,4716354,1963373,
20131204,343344909,56431936,28369847,11402126,100000,15124538,0,124479930,2344301,13508038,14090509,25088826,20126062,11874578,7928447,5852428,4670613,1952730,
20131205,292855413,76366680,27870541,4548989,0,17547038,0,48223054,3563273,9274677,30458636,17558172,35233089,4915942,4731267,7145717,2334512,3083826,
20131206,356540468,57949235,32905242,10727571,0,17262799,0,149843024,10153855,3268028,10771593,15850329,25456935,7077968,3709075,3701345,3382664,4480805,
20131207,217367351,41960101,25976171,5627806,700000,13179684,0,62300939,3242585,884061,24943456,14179117,8535176,3749664,5205387,1365925,2182108,3335171,
20131208,292422763,72467360,28025358,2688294,0,12573085,0,100340530,5533340,7250383,10437580,9659098,27622905,2591422,3940984,4566842,2365047,2360535,
20131209,445687711,86840471,30942970,7925234,0,14646973,0,171115014,20775839,8310307,16302438,48794413,17856527,6731075,6833566,3628131,2555182,2429571,
20131210,320716673,87971611,33444454,8525751,0,17883174,0,53836505,5886158,26637775,21422264,21502597,24214701,2482389,4509229,6236459,3223961,2939645,
20131211,379060143,127492378,18493716,16249322,0,16873109,0,124446069,7030686,10003712,13670688,13663174,14475450,4297319,2126989,3562667,4746116,1928748,
20131212,418603977,98277459,32894091,15920318,18110000,75763901,0,63836153,20360727,14388564,18745367,18117445,19090596,5190986,4794468,5492182,5280582,2341138,
20131213,341420228,82976053,30315409,5436815,20000,16205554,0,60417410,17268291,17339130,26520839,19013615,46025090,1774277,6173551,4788661,3533107,3612426,
20131214,202207460,50614042,15247134,6393213,90100,13960232,0,33571387,15611318,2665149,9971139,19833904,21188407,3418701,700756,5814411,1747971,1379596,
20131215,292391614,64887265,20249836,5521059,0,13575904,0,99036780,5987599,9413838,19374176,14493175,15887421,6790526,3983970,4730185,5201704,3258176,
20131216,396504652,92611235,28927639,11679808,1000000,16301152,0,103300664,33947395,11370720,11691200,30432806,30494344,3923940,4582465,3328037,10628460,2284787,
20131217,431628119,88928543,26080118,14987341,250000,18441671,0,171512241,7191032,20612742,12390680,17598752,27455239,5721200,7289414,7908216,2856636,2404294,
20131218,319989587,99116616,21686508,10783957,6000000,17672085,0,68746202,957854,18374067,30237790,9400865,16357354,3156491,6821773,4341919,4186307,2149799,
20131219,424816220,114515886,20934657,13064610,20000,16413256,0,106954497,18066316,20820528,39063880,20860024,23767365,8978409,5704401,8045732,4741943,2864716,
20131220,402340885,100140743,29011462,19790501,600000,14470541,0,93692784,20182503,12809055,16111267,28100919,41272222,4256894,3409990,7480154,6059533,4952317,
20131221,252345626,80075152,27520536,4215586,210000,16737483,0,40308022,6162730,7673118,16956629,8916612,13772977,7800724,9054608,6229398,3769214,2942837,
20131222,327387203,65354557,35660410,5201411,200000,15666893,0,54911649,37555959,7934808,5803386,45953792,33550034,3323486,5279117,3779495,4755989,2456217,
20131223,577628115,113811856,67197679,12087033,0,18361810,0,117573719,23005810,70105079,41157783,45495986,40223305,6223743,7794687,3483002,8329296,2777327,
20131224,548189593,149586121,42861494,8294767,3300000,27216346,0,122304879,17160249,24392252,45341167,37947108,41399986,7662833,5876803,7050359,4908255,2886974,
20131225,540767770,118309469,38262369,26514250,4650000,21792725,0,167868068,15154676,29383795,32100646,25850305,32511254,6921423,6132640,4996108,8166718,2153324,
20131226,589747979,100822219,49336602,16998025,7000000,23134953,0,217622991,25777460,17978228,31438375,37545150,29526450,7779314,8526782,6457247,7068571,2735612,
20131227,488358178,118121119,38149265,20422530,10000,22882736,0,164415946,8231819,24723588,10242711,12936241,44761228,6571901,2206277,7853565,3960904,2868348,
20131228,220206166,35688136,32826071,5350859,100,16582983,0,35001170,10470775,5479080,6649615,24631329,25543844,2070989,3897039,5762755,5437889,4813532,
20131229,330295442,71685095,31488289,13878629,60000,17446718,0,103692937,24203878,901230,22116931,6979267,14690062,6766326,3731372,4734970,3110561,4809177,
20131230,602967644,165598907,36501564,12696312,1840000,21885977,0,128050269,33265754,36112573,26665202,69209036,43657809,3277398,9201108,6720251,4796240,3489244,
20131231,436616656,107377281,39643260,10439065,4310000,24513623,0,69405190,19969292,22888995,36501950,32407610,33890790,6024167,7752939,7779967,8821382,4891145,
20140101,354164036,50164642,41023349,7310571,30000,20180261,0,104621381,11690660,15907076,11718959,32294742,31583923,11038842,4405358,2923112,5798891,3472269,
20140102,431946948,94842297,38451573,7573696,310000,26591108,0,104633361,30540031,20642500,27829120,20324464,35675705,5813509,5426800,4150378,6230156,2912250,
20140103,492401514,79234186,39330247,19436887,10000,24532192,0,124225206,22208258,37342789,21593382,54182528,41966655,8882671,6116361,4218346,5738252,3383554,
20140104,244738567,84458580,18138778,12930450,210000,18617002,0,40304632,16858591,3964670,11675898,8487709,8386833,2331773,5865110,2891153,4954448,4662940,
20140105,298260804,62311378,34605378,10746901,0,21040003,0,44933676,23605620,10582625,24350306,16511853,28630634,4729286,6496577,2863646,4265116,2587805,
20140106,528816057,80687637,52357772,24405933,25201000,37162885,0,186383439,3693751,14235513,30328100,20450796,26442238,4063058,4593069,8243436,5922484,4644946,
20140107,472243428,92217188,40297619,23036322,4759300,26770881,0,124012263,20411911,12084292,19402543,38914921,37250854,10244977,5260470,8574063,5836902,3168922,
20140108,680976175,100571192,34105247,25731323,4408232,38599104,0,234439938,38684511,4983724,69028588,63135104,36589939,7929138,8695059,8169478,2664767,3240831,
20140109,510813283,70211753,41802453,14592627,1710000,28234659,0,150054733,47834378,47703659,34494315,18542174,22709651,6857682,7171646,6257456,7480978,5155119,
20140110,580711999,83550386,56478687,21448136,305000,37039083,0,158691794,28893635,23195340,41401784,42955747,50976264,5646537,11829486,8561737,6108093,3630290,
20140111,307318002,64499816,53916169,14368449,200000,27492232,0,49222019,0,4640807,23885042,19574878,25675285,2863109,5688366,3924210,7783658,3583962,
20140112,446040443,87034300,56175645,23591913,1200000,18926791,0,83274376,25688754,28927787,13088788,32883217,43827540,6975482,5919503,8913060,6133302,3479985,
20140113,575375855,114623829,37051238,17457520,0,30095313,0,135166472,66363554,6558221,54056157,27235866,51987150,11487135,8944741,2692422,6550291,5105946,
20140114,541901664,103518889,28755570,19176989,2598496,35533867,0,155928218,19863624,25561192,48381507,39159520,30857089,9695065,5167237,6208007,6075353,5421041,
20140115,563814984,97183971,32106133,18941202,1000000,33205980,0,208952597,18675331,19975887,38047181,39642512,25807197,4212368,7916823,8722176,4464087,4961539,
20140116,500164190,115555296,29408119,23289719,10200,32547644,0,141383996,20594233,29390454,18127011,22146238,33763913,5342467,6666374,8849260,8549666,4539600,
20140117,552716880,124265446,33964132,30092284,0,32700460,0,130019360,6725744,21970365,44965481,27577124,52447324,9650897,13941533,9683847,10704636,4008247,
20140118,427652060,85627745,39288979,14011371,200900,41443391,0,70308772,25948281,21004407,12512854,49788954,36984253,4824763,4814736,8117944,7725171,5049539,
20140119,416947983,65869958,43910814,12438222,200000,27066817,0,120919796,12002936,30164070,10954718,17739116,36665711,12238512,8293928,3214921,10000558,5267906,
20140120,960440912,153610213,59254712,26920278,2200000,32679214,0,382017401,67699477,10588598,43563108,61198594,66963496,20401042,8132176,9982328,9537265,5693010,
20140121,709264178,120315007,48074842,34579559,530000,32729784,0,219754932,11784550,38644219,36315057,36940670,82334498,12620782,13005137,9282966,7640353,4711822,
20140122,736847241,127977933,59383715,17708045,300000,28547221,0,215968009,31336552,23504648,53466619,56932408,83580964,6271464,9211159,8837551,9940085,3880868,
20140123,1001895587,133051645,67554041,31031295,300000,22544997,0,443496535,52919592,35763206,61577379,45530007,59397535,8300317,9843968,13327716,9772441,7484913,
20140124,885438699,148454567,65553967,23718281,200000,17079157,0,313804027,38140436,39165831,30598253,63917741,79327891,16691354,19066024,10242733,14020909,5457528,
20140125,566131256,122052098,50055840,16294609,2200000,14239380,0,90224376,20945316,15102084,41521336,68830186,62682545,12340344,18240566,13075707,12011356,6315513,
20140126,845257641,154041070,57816826,24632835,1200000,15976329,0,248676269,17671641,36602697,92197851,65067061,76621097,8164817,13202746,15953673,10549482,6883247,
20140127,974010742,138077441,83499295,26096640,220100,14324806,0,286497464,50988276,41693494,67956108,110817206,73093058,21005045,21907856,16366059,14440278,7027616,
20140128,928543406,123880185,68107632,56053076,410000,14639088,0,254309326,42027588,60979526,82961572,82416679,75203489,13723456,13365015,21323997,13215822,5926955,
20140129,720185833,120161593,61316521,18715968,3210000,9435417,0,153532373,28087894,72652462,41722221,76424232,63603738,19213971,10250381,20827531,14211884,6819647,
20140130,303003212,61230114,48409977,10680053,0,14570021,0,38295294,4196385,13118058,14541681,23553840,34352339,8853194,11298571,8829441,7539487,3534757,
20140131,112271810,14451810,19474186,11021434,0,7453139,0,9807627,4915360,369932,608547,21492136,1552016,8961850,4507990,2362165,2564934,2728684,
20140201,144942565,24343951,21832735,4463385,0,14477278,0,24438636,3894082,7298134,4003197,8356452,11984860,9131012,2482863,3504200,2893562,1838218,
20140202,165229162,36027512,32731487,8939440,0,9116138,0,5065096,205775,17533141,7605245,14032883,17207457,2555055,5332609,2545027,4441690,1890607,
20140203,179809391,29508247,42589700,8337675,0,9954932,0,16147982,563018,11917064,3249349,16988226,21639351,1277829,4518928,3118770,7882986,2115334,
20140204,182845649,27657778,28453772,6272399,2000000,9905267,0,26048832,2047771,5191720,7705620,23258774,22125519,6216253,3039774,2272957,7291694,3357519,
20140205,220871988,32209732,42605694,10884040,0,13915288,0,35059039,598981,4806093,20150626,11736581,23798210,10311202,5543488,2184768,4887222,2181024,
20140206,591493605,65328607,44389163,14205351,20000,23310085,0,320582518,5293846,9380321,35345014,16994925,26716748,6511280,6678716,8491711,5001107,3244213,
20140207,749858552,117786711,60052947,22904241,220000,34177325,0,211459887,40754133,45797234,47840728,76672724,35038050,17879525,16611042,11034429,7292807,4336769,
20140208,585297557,73680625,62575506,28133829,230000,24087598,0,191103070,25129762,17879482,43339798,31975703,46982464,9788403,8116511,7818312,10018572,4437922,
20140209,572582887,84398872,44816926,16024406,460000,30592443,0,191806948,23126342,26510161,40978390,38504834,40455469,11206773,5149510,6824175,8224229,3503409,
20140210,1151563752,159721986,64317457,53144846,1050000,40601803,0,486429950,36324251,43480015,63640159,66586041,87474009,16009985,12855527,8685466,7515672,3726585,
20140211,855855526,145458060,41521474,51114499,4242000,35618888,0,254050041,30820536,56868046,55812980,58332244,85400220,8866257,7333179,7033657,7247770,6135675,
20140212,1001331946,120633749,54171472,49189782,3029100,33277316,0,382291829,83985766,42367432,42372491,65844891,82787156,8119830,11813030,8635111,8087779,4725212,
20140213,958321034,128660919,65114832,50062897,1338100,50092532,0,385857757,28676881,60932763,50896641,49175269,48840836,11009570,14336847,3692934,6280051,3352205,
20140214,1020385874,118044021,48799247,32998865,223470000,42658368,0,229057141,57224668,36553732,50497761,69837118,68437085,15771533,7125777,6740426,7859063,5311069,
20140215,495404867,89068769,41803094,22107016,3000000,31368576,0,124819686,25523011,13239735,27964477,39620985,37017035,4155998,10322433,9042046,11768395,4583611,
20140216,513898224,100500289,32382931,32254644,3400100,25824407,0,143344837,45780640,13121485,14295040,38416949,28814443,9868690,6597727,8954799,5951160,4390083,
20140217,1096048515,151421274,43515473,51006964,10609400,40042609,0,457082583,57906743,34670365,73215025,49535871,78323371,5361311,11618304,15145656,10845864,5747702,
20140218,894096483,110391367,42187281,34687624,14793400,45368373,0,341360684,37697065,42905311,45676705,66769611,64688065,6303994,10880313,10807872,13137911,6440907,
20140219,797318965,127712098,60892986,42798866,4685000,39090215,0,208560865,62522617,74076708,39340376,36682412,53730819,13908728,10100315,11180464,6882223,5154273,
20140220,1154330141,161886500,63641709,50699905,4546800,33158529,0,482423198,49463509,25863158,81429660,63948361,72957571,21909500,14537666,12311520,8082812,7469743,
20140221,813301591,124478685,59116893,34940060,709900,36706884,0,251480680,51718465,20652183,42820706,66874687,73255956,13326774,11059329,8798838,9224051,8137500,
20140222,636704291,89509977,67662473,27599841,80000,29789243,0,184447832,18250079,23235475,32480697,60775504,49810102,9760695,10274843,11135313,14734404,7157813,
20140223,705290088,109707386,61938127,33826481,0,26357213,0,245253766,19892117,25849137,47377235,30933348,51615674,11769921,11509423,10954214,10071700,8234346,
20140224,1231901048,147824566,76220800,34081710,500000,43436316,0,545990004,51741282,52855634,59407957,81055491,76835128,12208479,17308414,11257776,13472043,7705448,
20140225,1027736921,137441027,80099262,34878262,230500,37750737,0,396826403,33168031,68603706,49433304,62495343,70126756,11752093,13710115,13219599,11882921,6118862,
20140226,989678339,78746647,52485758,34943573,240000,40551268,0,416090144,49756673,55839879,46564252,78081007,83471424,13677331,10230509,10564237,11710351,6725286,
20140227,1239009948,126045635,84172128,45661787,0,38843506,0,524700940,62744762,50627464,55113809,72448222,87819464,39029935,18548627,15461950,10257215,7534504,
20140228,949588815,177267633,90069406,37361863,0,34303744,0,271568086,53583196,71246124,41951204,56176613,58640299,13011271,11494810,10509593,13975630,8429343,
20140301,583240577,88423479,69597121,40762016,40000,33885118,0,113086230,27136689,33151589,44634539,52116635,30441412,12094542,6513829,9890097,13100260,8367021,
20140302,750956836,122039423,48912198,32373224,10000,33727375,0,232355351,31957272,34420949,56869517,47127092,64345293,8886674,9221826,9123587,11808297,7778758,
20140303,1302967712,150789122,65782418,49535111,11000,47593841,0,558709142,56462412,73941434,74757066,82628258,69571402,8427590,23744368,15636895,18414872,6962781,
20140304,1360816988,105015016,67949196,37198925,201000,51214939,0,675871094,93111264,63133996,53596146,76416857,79655385,16204968,16170269,10779497,6404382,7894054,
20140305,1105610990,132581160,73136905,30229851,283400,40717259,0,458677712,36626654,37936242,59276245,84887966,88504889,23342271,10886161,11030253,9538373,7955649,
20140306,1029541780,175775882,65583724,35689338,700000,40956635,0,328939041,92249588,44144738,66123568,47934644,77483255,12473526,13680704,11109892,10354620,6342625,
20140307,908425628,111778608,68221798,44565702,6021600,33271094,0,316097845,45490054,42503367,54758126,65410675,52891075,21072326,16793673,10178346,12004933,7366406,
20140308,559759822,105083183,61721190,21203708,10000,49529421,0,101461891,9160700,12127603,35709073,54386948,58009152,4823534,12970384,14662958,10825429,8074648,
20140309,779897175,117596904,51013394,40077806,2000000,43007489,0,278018416,41325542,23546968,44463494,14898047,71286380,8018245,16796302,10543644,10572504,6732040,
20140310,1591866135,149506382,71058150,50639233,1600100,53561498,0,776688033,77167018,78455133,75037234,91914131,91622441,20123051,22130389,13137297,13539864,5686181,
20140311,1009187655,134028748,50084501,44277867,100000,56871598,0,358462193,50196887,73319675,41290179,77081417,66929463,15875876,8996435,12046778,13123528,6502510,
20140312,1090592992,94792380,55130741,35455681,10000,45740005,0,355600904,49991927,153022189,81987798,107334474,58824150,22169279,7246984,8994946,8172834,6118700,
20140313,972360136,123300441,48133256,55637729,100,45162146,0,366180902,46821242,46438954,44610554,70416708,72366290,13825708,14848593,9059015,8726387,6832111,
20140314,1359812322,162101758,57725495,36189537,11000,40162609,0,614147520,62810841,52278890,67205837,104802108,94647087,9463038,25018211,10794761,11849042,10604588,
20140315,810647364,101250052,40323150,32696791,0,36516014,0,258892914,52862783,42211251,39492873,73952194,70252627,12483433,17710596,10358099,11407112,10237475,
20140316,742887551,77854850,40596295,19991591,20000,29404768,0,302948748,44671978,33325536,34261057,49926328,62880781,8276480,10820722,9838058,10609564,7460795,
20140317,1557697053,183591594,51068302,33500656,200000,55606339,0,621116267,75073316,112722092,94187824,133847922,116759310,21392800,18746226,15210114,13983715,10690576,
20140318,1458898882,131146837,59315510,49981365,300000,84045582,0,602126808,83165602,69106147,89726781,112839790,115261410,19736648,9069238,14314756,10225597,8536811,
20140319,1047466238,158961073,45131558,40671646,4910000,39064284,0,343311059,52394833,38156359,64408872,105929090,88868333,15865960,17217321,13896392,10959109,7720349,
20140320,1129901520,133936924,55553829,39797400,0,42551101,0,487683627,55404641,77126743,71944370,56236694,56061794,16123047,8888391,12028870,9894429,6669660,
20140321,862505754,144044722,67394233,37368091,1001000,36205903,0,279984770,28485798,40791093,65652256,48010732,54221117,9888857,8349812,16419136,15391627,9296607,
20140322,504190374,77981359,61425375,31313814,600000,32023198,0,84091756,5982373,16923003,44711101,46841655,48624080,13268371,7593418,11330168,12435804,9044899,
20140323,701664545,89083591,72952268,32974569,1000000,34198296,0,248614111,19108139,22166430,20597785,53498493,48151446,16163479,14239352,9364630,9784812,9767144,
20140324,1323662573,177793676,82399523,30038720,1850000,45693312,0,492226189,44380045,91182034,68921652,109481194,117237840,17194206,15113048,10190191,11707300,8253643,
20140325,1350749324,135451259,64513108,48857979,0,45578590,0,592011511,40013045,90255136,78413118,98576559,97387247,14180691,18630375,10319151,8180287,8381268,
20140326,1236260667,109425177,69908642,47322294,0,41509639,0,579951335,82512281,30414805,47884805,81138463,81614485,14190545,17021423,10909280,15069095,7388398,
20140327,919013755,98088740,66277858,54107251,180000,35786498,0,346345827,33716362,28096563,66591308,60132813,69439472,13839570,13732258,12898495,12810214,6970526,
20140328,1093913486,157528718,63173967,43574028,50000,45417792,0,442486461,35380010,26857609,53452415,103389953,57318886,11009615,14146449,14936245,13800792,11390546,
20140329,536717257,71557883,39493750,26589138,0,37250387,0,136071187,24289858,23314639,23645012,47293249,50692654,9130595,14485639,12163182,11535481,9204603,
20140330,657224818,102839704,28222855,22875680,500000,35437222,0,214015799,28471676,34627788,24496775,55873326,53481849,9231901,15376620,12696942,10784518,8292163,
20140331,1249638380,175858205,77733416,62818902,450000,43816417,0,391523971,68197454,120910584,81263071,87629691,75190983,13474414,19039284,11909064,11369054,8453870,
20140401,927709382,154827470,65479336,44512487,615000,51651948,0,230702620,30505809,85116944,63885253,56104832,61999929,21290666,27930224,13338695,11786467,7961702,
20140402,1030859323,107662869,76003954,49589359,465000,49374173,0,399427271,23907595,74243854,66013623,61486717,60990874,18247713,10062019,13424978,12113306,7846018,
20140403,877906098,119917225,69464815,33690688,20000,39785473,0,279457760,46714864,45862698,49607550,52358104,83675325,8565813,12415467,10933173,15555375,9881768,
20140404,721278949,109692066,61752185,42380002,0,42155125,0,202428252,19731604,38408970,40239204,47052686,55873466,11242575,10589580,10376891,18676433,10679910,
20140405,461281693,69650084,55999974,36687032,0,29039014,0,80438670,39294439,19960089,21394221,30568847,39553414,7836662,5500732,7737347,9127438,8493730,
20140406,448814332,62505835,52904964,15891691,4000000,36546618,0,105507546,18583525,19391312,19371333,34299481,44786255,3223626,6947583,7035557,10275956,7543050,
20140407,695830740,110468422,62996099,29904722,0,36569397,0,235720388,43848415,20756851,16355195,43917460,45296289,5926457,6618161,16553297,11220628,9678959,
20140408,1051197674,150573637,72995147,53099126,600000,50645082,0,383167555,33685240,64763090,64588179,68829985,52233117,12621905,10093886,9977966,15260036,8063723,
20140409,1008092940,96242128,47185480,46190222,20000,48411512,0,394116403,61757838,34001956,71953455,82841966,69811526,14939797,11251909,13531932,9432256,6404560,
20140410,860452589,156723386,64096953,41102676,900000,36522832,0,289680427,54702285,36963031,29160343,36478490,61998697,10439017,11899068,14364901,10121386,5299097,
20140411,787880785,122862529,63542072,46799160,2273642,44677246,0,248499404,21273183,37373426,25724220,45725726,65572149,9294643,14118626,18583060,13365646,8196053,
20140412,523781135,63261947,59698364,39555640,8600000,34993631,0,113377115,5455627,25269854,30306185,42116635,53667445,10450227,10212455,7266767,10094954,9454289,
20140413,801915014,84903505,41565689,38641098,1600000,38994659,0,354433435,40918370,9091869,34267299,48198936,53197270,15665865,9156390,11522160,10231033,9527436,
20140414,1023236298,120510031,54618061,40208563,3230026,42350445,0,401947375,24020830,45589948,55691128,106270585,74352974,17137954,10078161,8607728,11945254,6677235,
20140415,855893819,122295288,44890454,56369425,30700000,53224892,0,267898868,35326705,39781002,35790159,56661648,54051672,20125506,8511672,8816173,11119174,10331181,
20140416,855430043,109090038,43417533,48683776,3700000,51622068,0,324797964,25517938,32389871,21721674,61399944,81082897,14299255,12324759,6645798,12523514,6213014,
20140417,860496066,138218838,45744461,51177437,7950000,56953355,0,301044511,39373484,44274352,26057856,39707819,53840410,15193992,16774952,7104281,10194595,6885723,
20140418,684824059,116324529,45372757,53305860,500000,52726229,0,133753477,17904314,39710423,28269882,60808764,77138137,11841358,14131848,12404463,11666111,8965907,
20140419,576825387,105561226,42877638,21928682,800000,41776680,0,145496092,17466600,21764229,28896977,38135917,56785221,19258016,11102550,10252103,7029113,7694343,
20140420,674905035,110069908,64767177,28965595,300100,36427221,0,191747169,42080537,27144839,28205689,35531786,56299913,11019340,12701063,9070455,11640676,8933567,
20140421,1024359309,169378193,119949855,34370091,3600100,46292911,0,258158369,53593680,60843055,71335257,65848227,84297460,13432015,11856722,12000266,10812181,8590927,
20140422,990570252,130439804,78347918,50900038,2445000,45535666,0,334135333,54765461,44686472,59183040,65876085,64044808,12091082,17367743,13852379,10515075,6384348,
20140423,1047184824,107270729,78468027,58136504,0,58922400,0,423643427,29162264,46638688,43652172,62964952,79831190,11605506,8552995,16235601,13747035,8353334,
20140424,836596614,114339108,71437235,49687682,500000,41409060,0,240974328,50785264,31374860,47605282,63984538,58539298,14417231,18148939,11984918,14101444,7307427,
20140425,1067280324,132846420,105832494,62022362,5000000,48871647,0,392805718,36290816,37380899,57946506,45096445,81480766,8992631,16618526,15462357,10820884,9811853,
20140426,573608515,93111094,71776108,43128335,5100000,40231116,0,81012843,10971183,49557110,32019637,44419901,46179725,13998148,9695990,11480701,11520049,9406575,
20140427,672562995,101596042,78960894,43730390,5300000,38354757,0,162463863,27972065,32533591,19007930,59478747,62663266,5083159,5162340,10862133,9460439,9933379,
20140428,1515848803,158080639,97811528,42573091,4100000,47886191,0,691352372,33262368,85409542,56512024,112314386,101912248,15034077,23447275,20527042,16363741,9262279,
20140429,1107326803,140085577,53874490,73992263,4050000,58489735,0,428606367,46688175,36083452,50489868,68712875,74591562,19005743,15733324,13270298,14190516,9462558,
20140430,894475347,152339926,77514543,68884138,320000,54754129,0,197870212,27768373,38170344,32247628,69021631,73774663,26068213,18813159,24850294,19530457,12547637,
20140501,458099718,56970364,56420538,22543471,1000000,38219826,0,81005310,10836124,21132317,36238499,39928873,44302927,5345988,10721964,9622647,12610967,11199903,
20140502,457958157,86993820,58416809,33941544,100000,28822614,0,67635995,20491885,12020932,14804714,38244375,43699597,13419675,12701204,8439688,10138904,8086401,
20140503,576367835,93995537,66921566,33106820,0,35972892,0,139475662,32664433,33044578,13211959,36001719,54206885,4306828,5848179,8609032,10414590,8587155,
20140504,877921091,147340550,51890751,49792539,601000,42306581,0,314693267,42610030,38555196,30298775,48068746,48191588,14060817,15040960,12510825,14053535,7905931,
20140505,869812619,148859674,62912296,49907490,14731000,53623656,0,207846090,31794874,48654380,38537108,66302890,88834337,17217341,10384705,12097969,10087973,8020836,
20140506,888316302,137187065,60720324,45801603,1020000,48445837,0,275208521,43416204,53229820,47628063,48124631,74276950,7199923,15845038,10338170,14008704,5865449,
20140507,826514636,78424870,58308906,40985783,3000000,42150199,0,345658850,36923053,14604712,27560520,62391116,62025116,14558600,11904747,13273706,7335686,7408772,
20140508,772192887,102448544,65869195,43313002,1000000,40481153,0,222726411,41025475,52530910,44795452,44211966,60135036,9815154,11089138,13483938,12280595,6986918,
20140509,724518345,113133170,58981288,34682289,1500000,45975290,0,186757994,45546720,26061200,27615782,70440811,55090716,15961254,5779020,15421467,12911479,8659865,
20140510,472805150,96651082,49115058,39577004,0,50278124,0,91419360,9311271,11733167,11872892,32046446,26933559,9322703,12453533,10397151,12374418,9319382,
20140511,648747897,110648266,46422322,35899181,300000,35619262,0,217244639,18552058,19430953,27766819,34273606,57265242,12514353,7092279,6189799,10488341,9040777,
20140512,1106666677,158435965,81180607,57268963,3210000,52426915,0,367804840,20064765,59781316,74639443,60596288,93752099,17415095,20938217,10865205,18041988,10244971,
20140513,880059674,127348459,76209069,53848352,0,47440536,0,282133075,35853390,25680292,38722333,57042120,83199539,8733679,15404976,10279382,11855171,6309301,
20140514,823366638,120199927,47432098,42334006,3000000,47535699,0,282331226,14158105,33158963,50856409,68778920,50931654,15223112,20439641,4950657,16281279,5754942,
20140515,981204432,153920362,55239630,47428088,9900000,52140814,0,323670667,46961744,59787454,52428418,53006742,76980759,9832186,10979409,11207194,10145898,7575067,
20140516,643708722,155135143,46420597,36700308,2102700,57233841,0,100238440,31886564,30897488,34980776,31926208,51040008,15123585,16705037,12002142,11828760,9487125,
20140517,502617172,83893342,35298657,35495903,300000,36384096,0,127327001,14759743,11536596,33526954,26085172,36140057,12928257,18000653,10867229,11456325,8617187,
20140518,541901300,98430975,37617887,33237385,0,43873900,0,93624375,15870110,44916125,26885865,47772343,37358852,8263728,18475520,13694870,13445366,8433999,
20140519,1158152786,164089695,56652081,58182521,11650000,56557965,0,427674654,52691013,49262806,36511958,75023810,107610804,16994213,8324730,16215037,13104478,7607021,
20140520,938694804,112554353,71845631,63848877,8600000,50475232,0,385374794,23007136,30958991,35021628,50652840,56342699,5535586,10567924,13044726,12580893,8283494,
20140521,867572796,112704986,77869880,33769594,52010000,48180776,0,240419692,39883057,41489615,21874571,72121198,67537679,10931383,17619840,8756196,15923071,6481258,
20140522,780255396,111035899,81971601,41947851,6200000,42165796,0,261952954,30641277,33918239,25317263,42846234,51696620,9313881,11786622,9805435,11352376,8303348,
20140523,856026258,131115737,76057164,48614765,4700000,52254194,0,242612694,23288364,52648525,47593103,48781808,72273481,14834287,9579654,8900724,14614707,8157051,
20140524,599322581,104829421,47088012,37342047,5100000,40658359,0,136977645,11738925,16409662,33805451,56036197,53919856,9016353,14212354,11094360,12111697,8982242,
20140525,553868360,104691816,77742139,44299392,0,40576155,0,120011396,17879115,15565388,21691061,26029792,29091513,17362402,10625009,9193608,11281087,7828487,
20140526,1226820760,148903969,92334943,43447319,38000000,50148450,0,484539876,31702657,66461925,64513431,73044734,69192365,18020904,7567377,15918016,14291299,8733495,
20140527,1016342876,147491262,77144480,55582156,43000000,54475625,0,301315853,22865200,34543180,52012993,98049644,66891685,12000336,15656904,15833129,12051623,7428806,
20140528,1048596955,139922731,56914251,49816833,35000000,51051740,0,341876036,31397085,56275779,91767169,66417551,67464590,9635654,13019029,18124471,12892524,7021512,
20140529,755374391,128660427,56703348,51776976,1800000,52354484,0,152303781,29743955,36514031,50431328,61057086,57322872,22112090,17760050,15452808,12652494,8728661,
20140530,727948640,121879488,49947684,44052978,120000,40101431,0,176327348,22490710,19730592,31404505,76468360,74193337,15078159,14646923,12151339,17407005,11948781,
20140531,575406283,107429898,50052135,36049260,0,44589286,0,93359583,14514405,32146598,30441620,63099629,45864512,11826901,8658350,14518882,12259936,10595288,
20140601,488479901,89872835,69577426,29275476,5500000,34396050,0,62648936,24723888,22275515,19945972,32295532,45780124,14245225,5758459,11239675,12415277,8529511,
20140602,621126360,70469554,69126979,37734176,5300000,51685774,0,157590957,13785176,30452805,23947869,51881121,47397191,16085344,10469506,11383219,13868660,9948029,
20140603,1076552114,152710189,96689293,54502063,23300000,45688994,0,372475648,45986428,53342990,64897301,53238315,42692040,23178051,12639886,15038649,11199200,8973067,
20140604,967195002,113397895,86719715,56176725,2500000,42110238,0,284614952,83200424,51869505,50441149,59982262,69758268,11998101,15740317,16943314,14232516,7509621,
20140605,961872173,129524236,73009676,55763580,153970100,43464230,0,174492704,41853519,45193604,39541980,79281320,61161805,20860942,8250749,12756867,11450657,11296204,
20140606,827709155,78891637,66993633,53721908,3000000,50972389,0,284026826,36447628,47811653,50393240,49305353,51338301,11796460,12600013,11640063,11229969,7540082,
20140607,581690191,81580230,53063152,61049373,3000000,35818031,0,151927570,17249027,30564300,22389236,22085944,48132234,13237064,9025086,10078375,13722276,8768293,
20140608,870362848,89409171,63355713,31596284,500000,36339936,0,429252374,23752087,30249712,30838107,28368193,40069713,16130110,13367599,14140487,13061326,9932036,
20140609,1106911875,158101667,56459187,58432587,0,51928295,0,391799192,61917310,42017147,72470675,78947632,76055440,11414324,12117598,16683538,9138604,9428679,
20140610,895027175,113779287,72048696,54173163,520000,58774118,0,290257918,13420676,47623231,48818153,64080332,61580706,22471892,11158025,15801079,12488189,8031710,
20140611,1040982692,125064959,60400417,51224197,910000,58609039,0,405581125,47574558,42613607,31040399,84839111,67646093,19649421,12603227,11892850,12613390,8720299,
20140612,930050965,132476527,68090117,44928430,106860400,51203840,0,251523543,19719521,30030772,40171434,46480470,79336244,10452730,11708015,13200003,14167040,9701879,
20140613,783946822,138089992,62719096,41538647,6700000,54135889,0,224077331,14753705,15880093,45973934,52768360,47675825,18736466,23889921,12302503,15763514,8941546,
20140614,554214154,107341980,55374092,26009778,1500000,33380783,0,108609036,33825162,15067150,19213245,51876129,43963149,14681573,13242045,7100389,13668233,9361410,
20140615,614303644,126729755,42073455,39529337,2000000,48609343,0,152957198,15276937,12141357,30209349,53476211,26884089,18598750,9982564,13992837,13100056,8742406,
20140616,1336794126,159444981,56048833,72047433,300000,56397734,0,561388638,82761184,61153179,82588892,59072382,74536524,18895849,15029929,15385592,12897090,8845886,
20140617,1197321128,159935129,44884321,44383218,100000,80232813,0,446697626,25635259,91956247,46099134,94207444,92087902,12686916,18632415,12212501,17634517,9935686,
20140618,1556028662,154041813,39047444,45441222,1842500,72161090,0,791781560,37155847,76552062,90332551,88162099,83696366,13629203,13417622,19701434,18409263,10656586,
20140619,939870180,114826300,37061862,55172979,2343400,56862318,0,266871664,44955810,41768353,81202167,71503599,101594328,20835057,12731036,9959629,14294587,7887091,
20140620,1043747523,164214482,74809385,62273594,100000,64041939,0,283046395,37056728,43933293,52464257,104201169,78652629,22106373,12345331,15988600,17146098,11367250,
20140621,573296780,126384922,60522289,44268580,0,56868890,0,46957379,32784397,20681031,26667518,32312862,60090159,10032838,12936562,16394485,17068265,9326603,
20140622,742406910,97504961,59157714,33133811,110000,46798005,0,253920294,18213007,24550769,49012606,32635381,66529943,10252101,13514796,15783284,12427165,8863073,
20140623,1438844936,146110492,110391776,66521891,800000,53981341,0,586276655,47138333,75646686,81748502,116023420,82866106,12729135,19336040,16384924,13933802,8955833,
20140624,1415113263,160638222,105618767,64609937,43200000,63208140,0,559683938,60917842,50959137,50453657,101695447,85187143,17345897,17417532,11695672,12566763,9915169,
20140625,1243880683,129073778,93714129,62983720,26850000,49497506,0,391318732,10642389,86069117,103530680,109963865,103954279,14714132,17606162,18387789,15726972,9847433,
20140626,1313082961,147078545,79412668,62892799,66240000,66536747,0,489958878,19590853,34398572,52703142,109719289,107134167,11692525,21847349,17055352,15490423,11331652,
20140627,1072973259,162061607,91433224,47512072,8100000,59416631,0,280252652,42133743,41539350,70298758,88718081,97636810,21586061,20948101,13779658,16014328,11542183,
20140628,763515425,125950362,76240244,36614369,3000000,50413321,0,203605636,13089905,31750675,22336763,53132881,81612361,14910713,9430611,11043986,20009171,10374427,
20140629,963377140,144703368,55541385,42780367,550000,44163107,0,358795651,37994367,47452490,36265414,38432124,84349039,19006924,14396424,14995677,10181253,13769550,
20140630,1762025218,186765557,80647075,50868370,3000,56633922,0,776728160,94147841,58087362,76237213,117009910,169108948,21623311,22146615,21451036,18268082,12298816,
20140701,1272360671,161679262,101383552,86164198,2600000,57588830,0,359181988,108677908,53366392,61153642,101247598,93107222,25331135,15471547,16458731,16445412,12503254,
20140702,1080146191,153541076,78292705,69759847,720000,53258699,0,329831676,58837863,69754321,53633611,58142136,74869408,26940693,9251490,19919930,13620354,9772382,
20140703,1048077058,147552231,92885391,51271494,20900000,45910907,0,305903380,45553839,74105034,55991889,86017483,53308813,20314542,13802880,12727124,12607635,9224416,
20140704,1004710914,160325493,66043092,58892976,5000,59917339,0,322792534,41497320,51556939,64029805,38595934,65730421,17735735,10547901,12892393,22560227,11587805,
20140705,796175241,104026840,47224473,31516871,1400000,55006448,0,297381847,32849132,8514792,29606811,52476261,78062896,11754615,9342712,13292860,12447294,11271389,
20140706,632749708,86498087,53228443,49069560,200000,42338632,0,169266459,33042080,26534450,39825325,42781509,35827821,8662901,11041476,13795082,10498860,10139023,
20140707,1291173287,154601114,94191833,56457678,1300000,43380185,0,519289434,39096446,34232906,75883524,92166523,94211418,23014348,19722808,21894559,13351390,8379121,
20140708,1161647808,138004418,87118482,63382306,44330000,51805803,0,370997375,17848513,36775025,53540428,123997687,92523469,18421420,15600053,24199785,14398634,8704410,
20140709,1131321959,139652371,77583652,46836919,1330000,61524717,0,406396792,45811895,26117726,76350590,73203739,93305722,28140332,15272400,14599999,15307732,9887373,
20140710,970761471,159653271,96804781,57009864,10200000,44413723,0,231370547,43370445,43016286,62225708,56553389,81057400,25889749,15708189,16629760,17163374,9694985,
20140711,867865461,114619180,77744329,51186310,530000,53517052,0,290200310,22717811,14835535,32223388,65087352,80132277,13803694,13459257,13487220,13548064,10773682,
20140712,736665971,123496990,57272007,36896425,1500000,46705741,0,261356126,20527782,15665233,25687182,48618410,43117693,10573632,15635867,9351182,12014118,8247583,
20140713,582845206,121173969,60922598,41787331,0,47196962,0,102093131,20383980,13822391,32617781,27679837,62813574,7953243,11932858,12513213,11239640,8714698,
20140714,894131397,154472519,56844810,51175654,2330000,41895083,0,227022468,27043459,30649140,54689185,96401422,80856958,16178721,12468059,18204847,16265558,7633514,
20140715,932272103,166696842,63388887,60006873,27188000,49067910,0,220891314,35827740,67559380,45684325,58580370,69542786,12374090,13874647,21006001,11489435,9093503,
20140716,863927601,91747875,65848165,57315333,5300500,49343207,0,242490539,51074081,43926389,47279382,46387778,83136217,22036635,14664970,15770596,18312622,9293312,
20140717,1112803326,135762555,50756535,49897965,106910000,51368466,0,443002916,34666663,30008849,40056312,47042963,59768887,14075605,12661287,17770899,11965028,7088396,
20140718,714017177,117041136,44119647,43247627,2005400,46302540,0,181745722,19258189,44650397,44724736,32989713,69772636,20852604,12592257,10739954,14734551,9240068,
20140719,645517178,128625219,42371824,39525042,0,42033774,0,160868094,32741156,11635144,22452941,41907636,45849533,18130657,17524987,16346811,16163572,9340788,
20140720,590359910,110762416,63746428,28185242,0,44050578,0,136166408,12870222,26837623,25837709,33104079,43618565,12454839,13414312,15052857,14778131,9480501,
20140721,1255795072,133059667,92177299,61281340,2300000,50921062,0,505464252,57244136,74531447,61497159,77040675,76840446,16576559,9737774,14438332,14704068,7980856,
20140722,1176797458,146159959,109286722,54934626,172505900,52904203,0,244891483,63364828,54555920,79601926,58134100,72229650,16974136,12128559,16056681,13940724,9128041,
20140723,1074248036,140841822,95530253,47694939,19100000,45814990,0,226877759,50966555,57170794,82317255,124970179,111478919,23859516,12903435,10918017,16150549,7653054,
20140724,1117992195,134549619,96312996,58546005,68800000,44749627,0,339448287,54651507,58852709,43776953,58173338,97489453,12724604,15934009,8248280,14648482,11086326,
20140725,888339386,120917338,93114903,65579893,19702000,43299861,0,231649421,43813485,37452146,52993792,39581277,66768803,15437557,14416120,15894225,18158784,9559781,
20140726,492374098,71294220,59800877,39212435,2400000,42312349,0,86791459,19708050,28037930,28896694,17199191,41594167,10689833,7527591,12075800,15382892,9450610,
20140727,644169837,87281810,76246629,32492468,720000,46331513,0,181737022,20988272,14153981,30255967,50599619,40308558,6867469,16743252,18637459,11271944,9533874,
20140728,1071226868,157133769,95471870,48123060,33100000,49591919,0,324176454,81742570,26277304,44543760,68700399,66379017,10839272,21729256,19010517,14564130,9843571,
20140729,977757743,123972002,68741315,58973921,4901000,51989527,0,312299292,39170707,41239759,67913174,74304274,64065290,13704561,18297946,11946327,16612313,9626335,
20140730,771976977,136993085,69736699,48438152,28497894,53592214,0,92911813,33850004,34693663,80702581,53910297,62301990,26760455,18044430,9512719,13949104,8081877,
20140731,1074543652,164763759,66452367,60020945,94901000,56113937,0,273505875,42291325,41553524,46554519,67841384,74343440,16740875,20805164,21059147,16021997,11574394,
20140801,834828938,154166914,76041619,62152090,11410000,45721249,0,173564232,32996328,54914311,38691165,48353523,68903016,11614374,12619327,18380179,13766595,11534016,
20140802,601688837,123485598,80863879,48511142,646265,44287823,0,91098174,13510953,18235264,36756988,25820130,51345926,7303311,19008429,10801736,18465271,11547948,
20140803,602822245,85556631,78851444,58356504,2300000,33647002,0,121091263,45104180,12097862,23514433,29334634,53573592,15833058,7523770,8998114,16046843,10992915,
20140804,950468962,128901544,73312639,72291917,28400000,47996391,0,191063222,42502416,43108599,70671288,78884871,102999538,19077061,10732351,14683746,15418341,10425038,
20140805,1007741191,134725271,76382875,63814512,48610000,49734663,0,258133441,45878865,54944564,71567066,73539289,69645987,11453751,12060130,15377107,12445252,9428418,
20140806,860487112,114981132,73279172,51270184,12881000,47977517,0,201275269,28545196,45971487,72245375,88732678,62296596,10935375,11886766,16236793,14292726,7679846,
20140807,799809388,130075150,57514519,62599188,14820000,54210967,0,164597623,30716438,33937667,33155549,70918281,77287562,16789065,20019147,11725922,11511736,9930574,
20140808,992934026,145034184,78966056,60809047,14500000,49296874,0,275340971,77603537,28079176,47128640,64967997,72518568,23741725,9481873,13765793,17886622,13812963,
20140809,503104994,61405703,49161798,49861770,1401000,35513740,0,97274737,17622139,11718002,35607789,35602285,42489656,15740010,13063655,12352913,13548381,10741416,
20140810,568087618,106498006,55756798,42694726,0,37515158,0,98445096,42412315,13677024,28257641,37644931,49250974,12593752,12438660,11678334,9900148,9324055,
20140811,1071989217,161699066,88304725,57245061,30800000,51887448,0,324203736,38347235,31774808,40295433,88907237,91727603,13876710,13377423,14103554,16951044,8488134,
20140812,1075892152,172042179,78511835,73688120,11160000,58552869,0,259756872,39086636,44227601,88755090,93109403,92761739,11826535,18745486,14176219,11488453,8003115,
20140813,901474297,168578493,54573858,49636487,1921000,48008733,0,236787518,34306958,34376669,36736329,69436109,91205027,22083357,25002059,11602431,9535773,7683496,
20140814,926843674,147373718,65605159,53621309,7600000,56371490,0,253439877,45706296,36907856,48259480,60791390,71068069,15548007,19643424,16656273,17766490,10484836,
20140815,848779399,152434120,48487654,56036567,1010000,43324538,0,179971406,57817491,25217857,62306944,68983555,76835841,11261596,18261748,17375038,18616559,10838485,
20140816,523051253,104268104,44478957,46735041,3200000,44857761,0,98904664,22815058,16605633,9399344,24925994,39354646,19751868,10641032,12044488,14104221,10964442,
20140817,705055974,105404125,34426378,39797976,401000,43062377,0,266331290,25151783,34147861,35994850,25566972,40981680,7983874,9221744,11185083,16690537,8708444,
20140818,920043938,139784807,55184165,63588421,11510000,89272117,0,245423984,26810801,31685385,31570913,52319407,96965968,12053626,19367180,17350428,15585133,11571603,
20140819,1000976790,140437811,59890322,42221007,17252648,150165093,0,237096511,52565616,54121928,48933599,52800392,76678037,20540237,16435656,9063141,13544383,9230409,
20140820,911442059,105406009,99659100,68745170,2720000,111021296,0,228892898,38163098,32349379,41355176,62512570,59346521,11895631,14246349,12579885,11439959,11109018,
20140821,916711558,93186006,95162707,62214448,12705000,133032920,0,269093631,17943276,30765523,21756471,62282584,54151875,9374631,17535531,12979932,15663662,8863361,
20140822,794030896,76834141,75812980,58343257,2014800,140680860,0,171597414,11457054,42584386,48327458,52281376,49324876,7931804,15995411,14084796,16910461,9849822,
20140823,599571830,64887108,86832353,51013674,5800000,88060286,0,78439563,14239948,31829241,26406683,34918650,47295543,12229367,10437282,9951416,24332749,12897967,
20140824,721819390,83804748,88406875,53828719,2050000,98850501,0,123661332,22740996,49741593,31319328,48752738,51355502,9868403,16083567,11530166,18380324,11444598,
20140825,1217948897,98865960,112957117,83115027,8730000,145403423,0,337427619,50435763,87699090,50771176,60398407,90932237,24695722,19964304,17708305,18675941,10168806,
20140826,1220808633,129750112,94052392,56958236,8900000,148651137,0,443245566,26135575,59286124,58415051,40531564,84337690,15205122,19310941,11301632,16097480,8630011,
20140827,1155353396,94569200,75660511,61104012,42760541,135762961,0,410655611,36326144,40635008,29540813,53320781,104699492,17038073,14798144,11507135,17076698,9898272,
20140828,1366819792,96757258,82897585,80365657,22820000,152539939,0,509860057,63108057,50141638,56946446,83847640,88567464,20203695,19210327,11329495,17689039,10535495,
20140829,1003932959,92100045,62960383,74359392,2510000,144161170,0,272976726,53696043,27004994,45715002,59755316,65413817,25016198,18705885,22985468,20681319,15891201,
20140830,582508049,58579982,63243716,36998743,6503429,132605784,0,73952770,19314680,23228887,22716554,43853976,43083754,8277719,8625181,12484932,15769322,13268620,
20140831,726223071,79593103,55919204,49725568,2500000,153651639,0,132184112,20123575,25420729,36182302,59313505,33122297,17835361,8531499,12297803,21587236,18235138,
20140901,NA,NA,NA,NA,NA,NA,NA,NA,NA,NA,NA,NA,NA,NA,NA,NA,NA,NA
20140902,NA,NA,NA,NA,NA,NA,NA,NA,NA,NA,NA,NA,NA,NA,NA,NA,NA,NA
20140903,NA,NA,NA,NA,NA,NA,NA,NA,NA,NA,NA,NA,NA,NA,NA,NA,NA,NA
20140904,NA,NA,NA,NA,NA,NA,NA,NA,NA,NA,NA,NA,NA,NA,NA,NA,NA,NA
20140905,NA,NA,NA,NA,NA,NA,NA,NA,NA,NA,NA,NA,NA,NA,NA,NA,NA,NA
20140906,NA,NA,NA,NA,NA,NA,NA,NA,NA,NA,NA,NA,NA,NA,NA,NA,NA,NA
20140907,NA,NA,NA,NA,NA,NA,NA,NA,NA,NA,NA,NA,NA,NA,NA,NA,NA,NA
20140908,NA,NA,NA,NA,NA,NA,NA,NA,NA,NA,NA,NA,NA,NA,NA,NA,NA,NA
20140909,NA,NA,NA,NA,NA,NA,NA,NA,NA,NA,NA,NA,NA,NA,NA,NA,NA,NA
20140910,NA,NA,NA,NA,NA,NA,NA,NA,NA,NA,NA,NA,NA,NA,NA,NA,NA,NA
20140911,NA,NA,NA,NA,NA,NA,NA,NA,NA,NA,NA,NA,NA,NA,NA,NA,NA,NA
20140912,NA,NA,NA,NA,NA,NA,NA,NA,NA,NA,NA,NA,NA,NA,NA,NA,NA,NA
20140913,NA,NA,NA,NA,NA,NA,NA,NA,NA,NA,NA,NA,NA,NA,NA,NA,NA,NA
20140914,NA,NA,NA,NA,NA,NA,NA,NA,NA,NA,NA,NA,NA,NA,NA,NA,NA,NA
20140915,NA,NA,NA,NA,NA,NA,NA,NA,NA,NA,NA,NA,NA,NA,NA,NA,NA,NA
20140916,NA,NA,NA,NA,NA,NA,NA,NA,NA,NA,NA,NA,NA,NA,NA,NA,NA,NA
20140917,NA,NA,NA,NA,NA,NA,NA,NA,NA,NA,NA,NA,NA,NA,NA,NA,NA,NA
20140918,NA,NA,NA,NA,NA,NA,NA,NA,NA,NA,NA,NA,NA,NA,NA,NA,NA,NA
20140919,NA,NA,NA,NA,NA,NA,NA,NA,NA,NA,NA,NA,NA,NA,NA,NA,NA,NA
20140920,NA,NA,NA,NA,NA,NA,NA,NA,NA,NA,NA,NA,NA,NA,NA,NA,NA,NA
20140921,NA,NA,NA,NA,NA,NA,NA,NA,NA,NA,NA,NA,NA,NA,NA,NA,NA,NA
20140922,NA,NA,NA,NA,NA,NA,NA,NA,NA,NA,NA,NA,NA,NA,NA,NA,NA,NA
20140923,NA,NA,NA,NA,NA,NA,NA,NA,NA,NA,NA,NA,NA,NA,NA,NA,NA,NA
20140924,NA,NA,NA,NA,NA,NA,NA,NA,NA,NA,NA,NA,NA,NA,NA,NA,NA,NA
20140925,NA,NA,NA,NA,NA,NA,NA,NA,NA,NA,NA,NA,NA,NA,NA,NA,NA,NA
20140926,NA,NA,NA,NA,NA,NA,NA,NA,NA,NA,NA,NA,NA,NA,NA,NA,NA,NA
20140927,NA,NA,NA,NA,NA,NA,NA,NA,NA,NA,NA,NA,NA,NA,NA,NA,NA,NA
20140928,NA,NA,NA,NA,NA,NA,NA,NA,NA,NA,NA,NA,NA,NA,NA,NA,NA,NA
20140929,NA,NA,NA,NA,NA,NA,NA,NA,NA,NA,NA,NA,NA,NA,NA,NA,NA,NA
20140930,NA,NA,NA,NA,NA,NA,NA,NA,NA,NA,NA,NA,NA,NA,NA,NA,NA,NA
