report_date,total_redeem_amt,tftobal_amt,category1,category2,category3,category4,card0,card1,card2,card3,card4,card5,card6,card7,card8,card9,card10,card11
20130701,24767334,22254658,0,41960,0,2470716,0,0,0,0,0,0,0,0,0,0,0,0
20130702,8390811,6355534,0,28850,0,2006427,0,0,0,0,0,0,0,0,0,0,0,0
20130703,17245549,15985392,0,67918,0,1192239,0,0,0,0,0,0,0,0,0,0,0,0
20130704,16859653,13961714,460196,314701,0,2123042,0,0,0,0,0,0,0,0,0,0,0,0
20130705,11369171,9721614,2800,537800,0,1106957,0,0,0,0,0,0,0,0,0,0,0,0
20130706,14851205,12731069,203540,671658,0,1244938,0,0,0,0,0,0,0,0,0,0,0,0
20130707,8760751,6023698,911420,439004,0,1386629,0,0,0,0,0,0,0,0,0,0,0,0
20130708,12800183,10556948,361172,357301,0,1524762,0,0,0,0,0,0,0,0,0,0,0,0
20130709,37743853,33989427,403341,2036935,0,1314150,0,0,0,0,0,0,0,0,0,0,0,0
20130710,15388462,8194014,5520949,279600,0,1393899,0,0,0,0,0,0,0,0,0,0,0,0
20130711,19733522,16853561,1085590,289612,0,1504759,0,0,0,0,0,0,0,0,0,0,0,0
20130712,26665085,21925007,905530,1957929,0,1876619,0,0,0,0,0,0,0,0,0,0,0,0
20130713,84800004,82463357,246100,430500,0,1660047,0,0,0,0,0,0,0,0,0,0,0,0
20130714,20069420,17824148,557054,207100,0,1481118,0,0,0,0,0,0,0,0,0,0,0,0
20130715,25684639,22589786,1188070,412707,0,1494076,0,0,0,0,0,0,0,0,0,0,0,0
20130716,49928436,44741742,1169712,37165,0,3979817,0,0,0,0,0,0,0,0,0,0,0,0
20130717,73168887,69138518,1794095,198068,0,2038206,0,0,0,0,0,0,0,0,0,0,0,0
20130718,26261821,23214534,1113116,239528,0,1694643,0,0,0,0,0,0,0,0,0,0,0,0
20130719,29356947,26154702,964427,194760,0,2043058,0,0,0,0,0,0,0,0,0,0,0,0
20130720,23290369,21514427,294904,373450,0,1107588,0,0,0,0,0,0,0,0,0,0,0,0
20130721,33292242,30565974,140991,497991,0,2087286,0,0,0,0,0,0,0,0,0,0,0,0
20130722,35389055,30314372,1872040,790238,0,2412405,0,0,0,0,0,0,0,0,0,0,0,0
20130723,43940831,37072191,3729560,533683,0,2605397,0,0,0,0,0,0,0,0,0,0,0,0
20130724,61442476,47670517,8266400,2707208,0,2798351,0,0,0,0,0,0,0,0,0,0,0,0
20130725,58899083,53154509,2519203,1141128,0,2084243,0,0,0,0,0,0,0,0,0,0,0,0
20130726,48620749,44719032,1574273,118850,0,2208594,0,0,0,0,0,0,0,0,0,0,0,0
20130727,24896377,14856895,1377185,6755442,0,1906855,0,0,0,0,0,0,0,0,0,0,0,0
20130728,23659320,19844371,1218004,193657,0,2403288,0,0,0,0,0,0,0,0,0,0,0,0
20130729,63686082,55546134,1464508,3612958,0,3062482,0,0,0,0,0,0,0,0,0,0,0,0
20130730,36409379,31584803,1156531,1059361,0,2608684,0,0,0,0,0,0,0,0,0,0,0,0
20130731,52948901,43496711,4263199,607440,0,4581551,0,0,0,0,0,0,0,0,0,0,0,0
20130801,58373937,53013098,1959214,512881,0,2888744,0,0,0,0,0,0,0,0,0,0,0,0
20130802,77362022,71285934,2592184,54200,0,3429704,0,0,0,0,0,0,0,0,0,0,0,0
20130803,27534149,23376710,1278800,229883,0,2648756,0,0,0,0,0,0,0,0,0,0,0,0
20130804,23534786,18284951,1009099,616881,0,3623855,0,0,0,0,0,0,0,0,0,0,0,0
20130805,58290152,53163437,980076,989809,0,3156830,0,0,0,0,0,0,0,0,0,0,0,0
20130806,66530666,56075309,5481998,1359673,0,3613686,0,0,0,0,0,0,0,0,0,0,0,0
20130807,63681100,54560641,5904317,591586,0,2624556,0,0,0,0,0,0,0,0,0,0,0,0
20130808,59557488,51603141,2784311,1917753,0,3252283,0,0,0,0,0,0,0,0,0,0,0,0
20130809,78883527,68001049,6476286,1217220,0,3188972,0,0,0,0,0,0,0,0,0,0,0,0
20130810,62615121,57965691,1570231,892341,0,2186858,0,0,0,0,0,0,0,0,0,0,0,0
20130811,41375294,36188789,2381458,962299,0,1842748,0,0,0,0,0,0,0,0,0,0,0,0
20130812,94186916,86674389,2052911,1010912,0,4448704,0,0,0,0,0,0,0,0,0,0,0,0
20130813,79558932,73639333,1828607,1374274,0,2716718,0,0,0,0,0,0,0,0,0,0,0,0
20130814,56018171,50887940,1953697,678113,0,2498421,0,0,0,0,0,0,0,0,0,0,0,0
20130815,123075191,116682973,3096824,962611,0,2332783,0,0,0,0,0,0,0,0,0,0,0,0
20130816,55143603,51188003,726486,576523,0,2652591,0,0,0,0,0,0,0,0,0,0,0,0
20130817,30284740,26381437,479646,618572,0,2805085,0,0,0,0,0,0,0,0,0,0,0,0
20130818,66925527,45314779,1480444,5341962,0,2590101,0,0,0,5028262,5952481,980762,0,0,0,225499,11237,0
20130819,75437301,57618402,4191725,504160,0,3615896,0,0,0,5101975,195164,5711,995827,1050016,0,1905060,245555,7810
20130820,54085868,45107613,1694116,2053827,0,3629889,0,0,0,0,0,512222,1976,0,0,668299,89770,328156
20130821,63953557,45083443,3536266,1277695,0,3658163,0,1979695,0,1953986,3466445,1291923,0,980280,0,612749,110440,2472
20130822,77562736,44866641,8104045,2026803,0,3480410,0,981566,0,3277,4232364,10101456,100698,405819,1173042,426798,1197597,462220
20130823,76867637,36950469,4816221,1603311,0,3211605,0,4461203,4982343,10103579,6469213,1362628,932384,538009,105538,382747,489199,459188
20130824,39106878,20758390,3768536,498938,0,2779782,0,0,210220,0,2590084,755899,1739145,4429389,10044,652245,884648,29558
20130825,60953902,30183609,3075735,777325,0,2620694,0,11580601,0,0,3057291,3458927,4243676,0,629895,596911,293905,435333
20130826,74101528,33524894,4463025,998720,0,2755920,0,11439329,1563891,2010022,531722,3773144,10044355,846060,8,700892,509959,939587
20130827,97844573,47884022,4945695,1057900,0,4468287,0,4089534,19056097,1023299,6788610,2815974,2249060,2045,773420,1976839,436977,276814
20130828,135996224,88488237,9341916,1351527,0,3870014,0,7015957,5093664,3178347,1013412,797770,10511565,1518870,436341,2287041,418303,673260
20130829,125670911,59146266,5166652,937304,0,2626116,0,35498196,686346,3042124,3522585,6105105,7293309,361953,78904,0,899281,306770
20130830,51062888,28024312,2814484,3900962,0,2692335,0,1096335,0,2656089,1370035,4299764,1194483,63561,515002,1720094,545346,170086
20130831,69778442,46663780,4331436,2572483,0,3021486,0,1201503,203952,0,100507,7049222,1695964,281731,356927,574940,855243,869268
20130901,60517475,17303051,5180168,476713,0,2622509,0,5943217,1711335,0,5473707,2068075,14559487,1339993,897165,1304533,1169792,467730
20130902,91198734,21538712,7537784,6521695,0,3685243,0,35708752,404468,493,3147576,4026864,1641159,2876946,1593262,893194,504595,1117991
20130903,122225143,66507281,4709761,1375934,0,5066574,0,9981804,4951995,709417,14158510,2509413,5637433,1509383,102694,2502326,1706639,795979
20130904,86735957,27184342,2902711,2913212,0,4800886,0,24867997,0,2010730,2973954,8765870,4424246,618577,2262220,1978456,670744,362012
20130905,92642988,34267589,5171539,2306940,0,6310872,0,17478135,8014287,989,6143224,2061054,5942272,297787,977933,2211469,518262,940636
20130906,123656533,61198746,5549412,10663759,0,5248160,0,7936984,20241989,0,2464873,2880405,3028405,1808847,0,966000,940895,728058
20130907,67680268,18735171,4610850,1322198,0,4493567,0,11629548,8304905,0,5714973,2097846,4750202,920174,1441550,2644560,459107,555617
20130908,69390347,28821416,11165577,973722,0,4653775,0,6344237,0,1191214,1599441,2965204,6281185,92981,1714421,947310,1792317,847547
20130909,136495298,43906785,3169303,4432425,0,5067101,0,58786221,716071,6845178,5177470,824550,3896085,181953,1530941,1060299,501695,399221
20130910,76701172,22723950,7131837,1425277,0,5662247,0,13401639,1117586,99062,3211269,4032107,12163357,1181981,1149733,1236035,1585148,579944
20130911,125767391,50464735,4799747,1672439,0,3795197,0,39993111,1023074,2651332,4330819,3069928,2946295,1597861,5678440,1569735,1397808,776870
20130912,74065347,22046743,4129785,1867236,0,4746368,0,14497867,99903,100132,14795555,1836114,1601878,4317668,497827,1201520,725243,1601508
20130913,86518711,37967618,4191996,2524892,0,4646700,0,7892997,6912197,2048235,3321560,2939489,5773626,636204,4028983,975419,1847189,811606
20130914,81650516,29276721,6553545,572849,0,3903354,0,11084085,0,383185,15348010,2763142,6779880,1569159,1050628,879422,456820,1029716
20130915,89897356,20445301,5204873,4001409,0,3707937,0,34502153,332788,1158933,3442309,4568389,4177989,0,5189082,535590,1815185,815418
20130916,119170200,40832758,2172128,1336842,0,4590017,0,34027531,0,5091169,6661225,4924249,10184995,2966712,1545225,1176750,2540624,1119975
20130917,122576821,30073707,4492342,1860516,0,4511238,0,32411986,200763,10552816,16994368,2701396,10419259,3304812,1259455,368101,2840482,585580
20130918,83937362,31439597,9358737,1331269,0,5715454,0,5040,12699821,947024,6394745,4111610,5613325,1024257,1736635,1293798,1703367,562683
20130919,43825708,15472520,4863994,1210326,0,3166569,0,5035373,0,7073666,827606,1788520,642965,0,1295067,651416,1381618,416068
20130920,81984912,26466121,6249425,568403,0,4121971,0,22144640,0,3578345,8174039,1075161,2883062,975742,1199630,804084,3061210,683079
20130921,46779684,14665661,6457467,997566,0,3298630,0,9064905,450484,0,299905,454509,5810935,1388962,451599,881443,1709123,848495
20130922,79473437,25228398,6791360,1324500,0,6082340,0,4471510,8579187,3721191,7446453,3082,7676149,939145,1490384,2792134,1665020,1262584
20130923,130343715,48781386,10455356,2181962,0,6030537,0,29651190,1965817,4155306,4156867,7781607,6787531,1800427,1250793,2728338,1723732,892866
20130924,118672801,29538399,6185946,3489645,0,6493044,0,29971988,6724349,5060489,8103289,6333468,9367575,2562790,677692,1684281,1332871,1146975
20130925,87985246,26181827,16979079,2334652,0,4799999,0,2597988,0,19564,8739183,7484528,11808337,614818,989159,1039457,3677651,719004
20130926,165630996,63493126,9667966,2075577,0,6436332,0,20091173,6187169,2375486,18118522,5173322,17913382,5718162,2098754,2789566,2437238,1055221
20130927,147195638,52867015,11549204,1526307,0,3505662,0,23676694,9109918,12298664,11748169,6872154,3462052,675855,1829845,5535578,1951198,587323
20130928,121747170,40588821,13785010,1311867,0,4874010,0,16809462,7426323,10290693,5220494,4865207,6903720,1900745,1901865,1685857,2460501,1722595
20130929,155657758,50520282,10082224,1380490,0,5596740,0,20798681,7234044,7100636,10272602,19315660,9646168,145911,4691335,1614837,6272347,985801
20130930,153121672,58737306,10528905,4363373,0,5176974,0,25516757,1192557,5508024,12043525,4379768,6726035,6049974,7372408,2922222,1314981,1288863
20131001,37266451,8869714,9551143,1151911,0,3178919,0,13484,0,0,294551,2598969,2189939,4707087,1734442,1268107,1238741,469444
20131002,41385235,14244817,6762898,449556,0,3550629,0,1260333,98615,104867,888788,2931480,5124428,1569526,872918,2149938,1181739,194703
20131003,41815760,7569156,9270948,2534247,0,3129061,0,13477,5092489,1032854,2019551,1107169,5031755,1570192,1063666,490668,1143416,747111
20131004,59421575,28937801,4235895,2413720,0,4135877,0,5066219,30135,1958792,0,5656114,4220898,98526,1225713,663774,195536,582575
20131005,52955183,16792822,3034537,1715893,0,3468579,0,12998,2516791,15025277,621300,4113316,1484945,1589606,555781,1344049,279595,399694
20131006,55905545,17674723,7256633,1518216,0,3516822,0,10642772,0,2951628,4574148,886406,2955172,952263,741097,188749,932121,1114795
20131007,112293466,40208141,12715486,1638133,0,5099135,0,32113038,2877262,36284,3309802,742007,4766165,5129671,281719,1820319,1117392,438912
20131008,266199594,114984442,14544145,4701929,0,6989873,0,24895882,4977849,35447166,19357439,9158442,24535277,1128122,2895651,1341434,708043,533900
20131009,178720604,45108871,7281013,4461007,0,5306162,0,44713789,4997640,28283491,8251105,9312453,12841579,3443602,1092326,1250109,1292670,1084787
20131010,160633808,76492163,5168650,1018032,0,6724453,0,33734181,695146,1967979,4806780,3478203,14727549,2769789,1253625,3505319,2562051,1729888
20131011,137499465,55910477,4890574,5253764,0,6129846,0,31089145,0,7455578,4376872,5924477,9507692,3336593,551485,2056653,255942,760367
20131012,99032942,36038062,12808208,1617995,0,5658569,0,23642967,0,344577,4862077,2517327,6407926,1444711,552558,1194623,960972,982370
20131013,79106025,26373865,10752227,11505493,0,5105336,0,3075526,0,490714,5914431,5885311,2414481,2526488,0,1916721,1539407,1606025
20131014,115526310,37710921,5621362,4173216,0,5552582,0,29715233,98124,11881658,4536049,5476343,5464638,1798979,517083,348333,1533329,1098460
20131015,220553101,70488703,6794658,4731661,0,8320333,0,59533976,12239085,5480823,13313743,13896254,12301127,2375192,7132248,2004340,1002732,938226
20131016,112486400,35259295,5244318,4352451,0,6426006,0,11627154,12155307,3154644,10792519,10278012,5255041,4789243,428801,1047708,618159,1057742
20131017,136312442,48986139,6438890,2050393,0,4789127,0,21254370,5945619,9600072,8913931,11681560,12570934,596648,61334,1808589,723288,891548
20131018,198430712,69274336,8608000,8318932,0,6666333,0,67899476,839590,5051702,7288493,6292284,10261541,3904586,270709,1365194,1529782,859754
20131019,75667615,37882331,3282308,2274933,0,5409028,0,8213385,0,0,2975666,2631506,4322388,487070,4459155,1168411,1493441,1067993
20131020,98691539,29302295,10607987,3423486,0,6380877,0,16998585,4682248,986870,2237746,12950687,5204325,1497097,540289,1299479,1897906,681662
20131021,176772897,79332306,11187083,5668574,0,5868007,0,14656176,1313110,4661591,10844917,15937765,17463825,3555939,850812,2008656,2501240,922896
20131022,115555821,36233480,7578898,3310954,0,8046201,0,14312895,100511,4892591,6213857,8465263,13643872,696279,2990874,3528242,2736317,2805587
20131023,242119411,54113083,13943200,3007565,0,7769587,0,103920354,10070,27938099,5620730,5306793,10506840,1755688,2892829,2734083,1384287,1216203
20131024,250629861,67942330,18272044,2863280,0,7667668,0,105868720,4985267,16257407,7286133,2417223,9350773,1215583,3035802,1000479,1239927,1227225
20131025,154720122,51286554,22981724,5516836,0,6895412,0,18145752,10069212,3473883,2205286,1836767,17061350,3174506,6302572,2143893,2807887,818488
20131026,100175814,29327262,8766793,6483087,0,8061358,0,8676722,5094629,7589295,4612976,3910542,8174615,1292441,4252584,1258423,1927306,747781
20131027,93812641,31524613,4256090,3000554,0,7004054,0,8805460,0,30166,10021672,7318923,15582195,920411,1991761,1171012,1321153,864577
20131028,304909399,111643697,24127816,2497591,0,7979476,0,56323011,19895427,6645183,17076712,23072779,13958970,12707270,4331471,1032557,2134764,1482675
20131029,183392536,45641905,11279038,11308337,0,9468034,0,19335637,10642362,13160971,23887034,1340075,20857356,3334425,5290204,2700110,3345368,1801680
20131030,285029470,113767220,9336781,2879781,0,5677102,0,84539632,12790800,2856330,22633432,5774158,9777350,2113716,6661049,2096846,2972496,1152777
20131031,233329146,68151394,13625433,3593338,0,7901883,0,38949886,8990983,39716697,15352248,11946286,11324215,5791922,2300994,2337301,2137420,1209146
20131101,195156241,83339457,13048609,3675053,0,10036228,0,15884816,8628358,1540955,10809297,20745205,14782368,1580860,3170807,3679801,2914229,1320198
20131102,146685365,23554039,21099150,5976256,0,8100774,0,36859101,4910218,4579797,6735124,2873725,18396104,1021171,6453347,1671943,2910116,1544500
20131103,153014854,57260011,9129757,973270,0,5419398,0,20981223,3869529,5476942,13537531,18804668,8431463,518742,2899671,1254308,1533287,2925054
20131104,212865431,49794575,19755199,11633055,0,8079985,0,64131186,5032495,6576923,4603643,11938671,16240524,1714804,3703485,3096190,5105899,1458797
20131105,295042276,78196123,22630449,21740253,0,12087247,0,20566224,5547688,45070851,14558585,11454808,12953621,7672901,6660210,13222426,16637196,6043694
20131106,246339472,59517462,20521321,7772714,0,10623915,0,11477480,4560394,21552745,11883526,21208458,18895645,11060620,10769013,12772630,17048330,6675219
20131107,353923933,73776170,30496328,6155182,0,13040003,0,52396715,5159225,6929596,16375779,43832564,27091492,12548169,12904132,20372446,23495370,9350762
20131108,281104864,92660707,17990203,5664288,0,15646483,0,42555073,4057274,13533851,3119059,18367885,21705725,1743077,7728504,11584803,17157117,7590815
20131109,254082691,85976964,19597879,6801673,0,14316887,0,19884225,10613641,22479926,8305299,11211651,23551003,4321058,5236922,6765112,9072847,5947604
20131110,228942339,76167446,20064051,5842274,0,22935602,0,23749167,3186407,462137,13442149,14248430,17268781,2300828,8752835,5761788,7789303,6971141
20131111,757315547,106823791,22385566,12635898,86534212,315059194,0,110781833,19634969,1854910,11414347,28291342,20245886,2637545,9518154,2023122,4377533,3097245
20131112,257683408,69571935,27403884,5238527,1000000,17010670,0,68809007,8554757,13399425,16105215,9427430,7649712,2555155,2455027,3979912,2504270,2018482
20131113,200822069,47071816,13078859,4365472,14000000,17046962,0,22693024,0,13182151,15577470,19932271,20647847,1479223,2928853,4170867,3459760,1187494
20131114,241049256,82527255,10781595,4497379,0,11372011,0,32723078,8738053,13059266,20668157,35003052,6384759,7154704,2254029,2217588,1695152,1973178
20131115,186805206,57824515,10234402,7866338,0,10809054,0,30353221,5249462,22502783,4386539,9946402,13716463,5564694,985242,3323079,2051717,1991295
20131116,174547895,58553481,14749240,7035939,2000000,9867192,0,43184057,0,100757,840958,16303711,5433181,7930448,2479460,1878324,2000271,2190876
20131117,309900510,149100606,9802172,3062675,100000,9948829,0,56317388,308737,102460,32875221,31737321,5328903,543652,3466565,3097568,3027485,1080928
20131118,363110714,134830174,14791499,12540657,0,11181254,0,84902754,494,12674906,18455847,24687786,29331044,5951271,2852583,5023888,2858765,3027792
20131119,323044688,89882382,14773346,12296383,0,15027962,0,95825029,498232,10946965,35353277,10666248,15453318,4453621,7057919,4725816,4168868,1915322
20131120,297285344,68152936,19858223,17272044,0,20629559,0,59281435,5133087,14747966,31166635,30512697,15581341,3399747,3616431,2478992,2266445,3187806
20131121,227348372,48665467,21152795,11952089,0,10414481,0,53750117,9611496,8752109,19312779,9292531,15507167,7117751,5123696,2067791,2480293,2147810
20131122,303996866,95958684,27091829,11743743,0,10421196,0,39741205,1333443,22508472,40142073,12308638,20094336,7693667,4914201,4492051,2966656,2586672
20131123,190323930,38773534,23395053,6221568,0,12019100,0,51861627,1725199,3708355,948413,25283478,13461741,2202155,2451723,3893001,2748254,1630729
20131124,168729425,32238942,35803516,6012795,0,14876621,0,16387590,7394890,3316419,10579709,12224178,19366017,2259701,1941167,2847013,1907850,1573017
20131125,302085449,95845720,36588077,5460344,0,12405246,0,30858582,1109348,16539274,21131610,29519098,30449547,2363876,6837417,5754812,5379032,1843466
20131126,248573588,59327165,24495987,5103866,100000,18615845,0,54280067,4995293,18861589,12502627,14056778,18346286,1910195,4634653,4250742,5103241,1989254
20131127,318356727,82319932,27346188,5740692,0,17083956,0,56035917,6126648,61890117,9266703,19920705,17551887,1835495,5434724,3221222,3016224,1566317
20131128,294912229,53176405,34979104,5801765,150781,13658324,0,88225912,15541575,10776998,17710971,21119716,15078452,4246511,3443043,2750775,3970028,4281869
20131129,303866665,106301138,20078514,5624428,0,12549454,0,48124731,5646960,6549924,27886436,17297954,32030400,3893908,6717935,2143989,5705598,3315296
20131130,184138679,66534625,23679981,4704669,0,10754305,0,20944976,58882,3571420,10772769,11577176,13208308,1122247,8608872,3474566,2583165,2542718
20131201,249619519,48497410,24054759,16933145,0,13619751,0,61049908,5228033,3190798,12963782,31081665,13416813,5366021,3608726,4497771,3430456,2680481
20131202,380449793,101670154,19243660,11449620,0,20692731,0,61883516,14113271,39894418,35884924,27427190,25344664,5286070,5066227,6920919,3028971,2543458
20131203,365763711,73714781,23066123,16549655,0,20831296,0,117607174,10220406,15471796,21525743,20742919,30684304,2416264,3653878,3639757,3493399,2146216
20131204,242997796,59596228,19963174,11696616,0,16288384,0,37850362,8517716,2133240,15273364,37377828,15480569,3643952,1809874,6414961,4746599,2204929
20131205,352762514,93050080,35766591,14175922,0,15626256,0,76433591,7778454,18009600,22167828,28334696,18097741,6362841,4759844,5865510,3571357,2762203
20131206,275263750,68937713,29292792,9829082,50100,14672974,0,34767648,17663932,10854848,18984249,18197809,27617560,3621036,7981765,4588321,4851638,3352283
20131207,192923691,66863041,22003062,6359166,0,14789588,0,28250380,6485084,1951407,3702954,8679109,12117276,2903583,6304906,4437604,4871015,3205516
20131208,278667690,55912916,34209736,3110190,20000,17162098,0,85220518,12664499,5305784,14394695,14908986,19160894,2965864,4210146,1846112,5922319,1652933
20131209,468130433,118033449,30823513,9083719,500000,19972872,0,179719619,108443,11508580,41897310,5813698,32865067,4956831,5259694,2874019,2945048,1768571
20131210,366356952,81636255,40642534,7123494,10000,20666902,0,88091399,3289368,15169068,12932569,33018779,42944391,6676301,3470861,5256814,3199837,2228380
20131211,380303452,62377605,18334023,20181795,100,17598546,0,175541732,0,11362838,16336028,12373474,20775286,5647793,7973393,4198508,4575061,3027270
20131212,354021379,94118614,29104985,8721905,3640100,70402566,0,54763990,168897,14969263,16377125,24659621,18490877,4271267,3364234,5049334,3658523,2260078
20131213,249015731,74924112,37156343,4418540,3224500,16941440,0,18387996,11356247,11198595,6955950,15926652,29779082,3890707,5442525,2256474,4535918,2620650
20131214,263476998,54387291,18415906,11355897,30000,19533222,0,90030770,7169566,5143539,9627230,10718156,18725405,1995662,5613036,5288562,3183382,2259374
20131215,259867374,58565407,23035872,10868537,0,15678567,0,76059942,1011623,20986576,7424677,4736043,18735558,6775850,6726965,3851291,2492213,2918253
20131216,444524103,178746767,19434210,17095282,972100,20092697,0,61767198,14071842,22287910,29497922,19489975,38962118,7550619,3468020,3003910,4451619,3631914
20131217,471239043,131772131,21491467,16776046,2000000,25076977,0,166149435,5007754,14273258,17696358,27569970,24150748,3775900,3798590,4577302,4126342,2996765
20131218,576233889,109517811,20650578,10402618,0,17991638,0,278700701,13118348,10345679,32303452,32302741,22642280,6547160,6740525,4889307,7048163,3032888
20131219,549325852,153517329,21079321,18473084,10000000,21564167,0,162825818,27663459,18600851,21365191,38383737,25908569,9054361,4360145,8502426,5272255,2755139
20131220,616940945,125909072,31032870,8147955,100,14646842,0,241355244,21283975,37240575,55676362,26568206,23813203,9125048,6844381,5804177,6630483,2862452
20131221,355207936,122341797,29499842,9000653,0,13758772,0,79140318,17351836,6953767,11209662,18004398,22549802,8244713,2920531,3532979,7393672,3305194
20131222,324798245,92021994,23096082,14567354,0,14229642,0,99491949,200834,4888103,21231094,15219742,12949632,2640078,6570913,8428733,5670455,3591640
20131223,626857290,173502561,49661147,18960745,3100000,17110292,0,162904730,16423208,23775849,25915344,56201734,40311272,12758086,7684915,9357279,4627264,4562864
20131224,484571541,166204821,49114758,16393210,100,19000948,0,90267462,5435330,16885322,21102040,33920081,34862232,3681833,6990146,7461716,9197229,4054313
20131225,506877689,94451182,49100322,13048581,300000,19333636,0,145891744,26744926,46689554,20395652,35274277,26713581,6538821,8932914,4660692,5908866,2892941
20131226,617778829,154785341,38868518,15905986,1381200,17661770,0,216123481,18354035,24956260,32893039,26433400,28038214,10774878,10985957,7351184,9158568,4106998
20131227,426449908,136321881,41204285,8628549,0,18119795,0,65456317,16776721,38529211,34025074,15751145,25301211,2325592,8310196,7223666,4470820,4005445
20131228,307058278,112007741,26883451,15887348,0,16952564,0,30328552,3430158,13428110,12550637,37893531,18887041,2851930,4575582,4769109,3556687,3055837
20131229,329736272,49818600,30489061,7225501,510000,18606649,0,111338308,12841315,6994198,15796894,25784949,32483162,2200834,1517565,6065742,5523314,2540180
20131230,695758701,204284640,39335256,13128284,690000,17795743,0,213053148,21202874,27209812,51381544,18073448,47310788,11660127,11589300,7613188,7985296,3445253
20131231,397770307,126261258,28054496,18690195,70000,21488386,0,68567530,12832362,8078699,21821812,19805646,44548682,4604466,3553976,5539034,9321075,4532690
20140101,336074968,69079240,32752621,12954254,0,20185621,0,121249418,5772766,12927627,14583466,7343363,16901965,4160825,5473510,3071763,5373643,4244886
20140102,456768489,103182983,41985208,23221702,0,22652670,0,101354889,7486661,26679416,43076341,24940168,29908410,7609880,6220240,7204732,7935440,3309749
20140103,419119357,97179038,57940945,16409571,0,22944645,0,52033316,12021319,22400929,30784010,30748725,30477440,21438120,6485592,5457349,8756791,4041567
20140104,279915568,60888638,35054089,7988699,0,17153700,0,82111956,5153004,7014667,6476377,10322598,20437451,5622354,8444852,5046626,4278242,3922315
20140105,253861764,45751363,37563359,10146851,0,21673835,0,31530947,10111574,8213855,25501646,15751166,16040153,4820854,7617944,6285696,8659017,4193504
20140106,529587407,75008489,40187230,14967037,22250000,27199396,0,169472216,7822647,33121773,42491287,33225797,40538890,5492352,4759797,4726970,4755773,3567753
20140107,655350011,102420105,37454010,15520302,0,26506801,0,321819537,6193203,20334664,19678122,48456592,26515026,11367049,4871412,6683797,4762910,2766481
20140108,521915714,92367109,45035002,20754511,5610000,37896090,0,163792223,1326822,34187229,19042576,37525012,32908902,2980918,13173352,6072119,6582423,2661426
20140109,473415075,78324512,23340598,15253891,1200000,39088227,0,131513487,17475966,37462066,46676874,24744213,23443108,8365220,5831507,7186126,7327607,6181673
20140110,483051319,81738496,43857994,21823536,1210000,37662824,0,141382505,19307881,13177301,33858325,28616054,27394317,9864999,6096458,8351642,4861637,3847350
20140111,328576125,66093009,29722792,27798573,20000,27440847,0,61699101,5842412,12765476,9913133,39380207,17292407,6918472,6342429,6522344,7205970,3618953
20140112,370226935,74653998,41546617,9405792,0,34062606,0,71725165,16587594,14274474,12281054,24084886,49522041,3049141,4661190,4789041,5379342,4203994
20140113,558413590,112299997,54284520,26656409,10000,32223318,0,124434162,7733356,32364928,29275634,47826718,58017697,6988592,8789898,8155135,5062730,4290496
20140114,623636882,119051242,38530111,23882850,0,30368672,0,206976200,6913418,28846875,35443338,37061799,61138078,14871778,5889661,7268719,4943453,2450688
20140115,585354847,145802905,45181552,29917949,0,36286780,0,118808045,10248947,66371423,31664332,22319991,40892642,10437291,8969339,7990275,5992285,4471091
20140116,615027626,110539666,32080882,17346677,300000,40786562,0,222777517,17522617,39486208,50024250,23253928,22917142,8751351,10650897,6127727,8106660,4355542
20140117,655807680,132142564,33882925,12211540,230000,32862463,0,240618245,11620362,28540903,41827524,31240330,44650555,10431001,17617654,7738584,6216990,3976040
20140118,386917461,106969779,33031029,17103640,0,28566886,0,88256934,1042670,11868546,9812318,30491218,14364797,13500386,8142608,6592030,13563953,3610667
20140119,448234586,85684837,25874758,19463524,10000,28373228,0,114778863,4373634,47673239,21995379,32337220,32102920,7599223,7874278,9949745,5470634,4673104
20140120,795749437,116312019,57444206,37439187,214000,37378769,0,263566629,23518042,57259983,26173483,63217400,52755981,14721059,19916785,12358238,8602991,4870665
20140121,794104124,141688941,40654866,23839061,50000,23270858,0,352996414,7510754,27727592,36245169,50109521,46115360,10568029,12419472,8270717,9728593,2908777
20140122,752253567,125155484,47872643,34682816,1000000,21666312,0,290494013,23751937,37996947,30071327,50043486,37916526,12854604,13523436,6293815,13174514,5755707
20140123,679377299,115756493,62287361,37926899,1600000,20686324,0,193150811,20441187,21812892,36920016,62328301,57813558,11050978,8552733,14383766,9202958,5463022
20140124,859252304,191146458,69945181,40147842,0,16021604,0,224312372,22615174,16577513,43331109,80596682,83133548,11671315,19782279,20191172,13844713,5935342
20140125,731520238,139778133,72053314,31154319,1000,21604350,0,188290942,26913453,58893701,37158368,46572697,58902116,11494445,11854262,9335252,11973958,5539928
20140126,880739407,138982784,58816165,33060504,0,14918645,0,295495786,36942793,29992546,23232470,111955329,60914855,24630843,21041005,11881190,12968059,5906433
20140127,976147173,153473992,98132438,33412272,420000,19597830,0,308684569,47842411,49041018,45158581,69055888,79295233,14775917,13949936,21303803,16573846,5429439
20140128,833248182,117466912,91272499,22806126,200000,17683598,0,173380022,26811554,89471335,57888351,67452570,91044983,22201446,14451184,16646201,16006251,8465150
20140129,655183716,94355711,41171772,34298133,0,16412896,0,197976575,32399920,27284289,43027763,62025068,58298841,7024046,5784259,19615195,10461996,5047252
20140130,326221465,50679877,46865781,13675798,1000000,7559828,0,54265189,7713839,22832054,17936101,22207340,32146606,5737078,17878901,7179610,11731281,6812182
20140131,147238579,19149475,15863859,7920041,0,7380408,0,51504294,3266228,6574810,3067429,5059088,9034232,1337194,6526318,5850017,2750031,1955155
20140201,128137499,23340426,31882294,4663338,50000,12197273,0,25772026,716447,70407,1111206,5108783,7775385,2438233,3294811,3931054,3137937,2647879
20140202,168615299,18125150,37518723,11517822,50000,7957674,0,16320058,12092964,10681293,5980970,14665448,14784565,7354958,2237348,4521108,2924587,1882631
20140203,190131967,28565275,38323239,1532428,100000,10442804,0,16028354,3454254,13007330,13957933,22769427,25000609,2332844,4567539,4653423,3042424,2354084
20140204,204748098,20978376,23740794,11092174,240000,10001425,0,60133255,7559749,2065287,22923066,13293233,11594233,2671895,4787578,6273592,4137690,3255751
20140205,261553365,31751048,50567528,14209777,0,13802061,0,27976078,7547884,17466310,25641896,34600466,16195055,1855783,4192429,6251632,7189140,2306278
20140206,476437612,41496866,55585228,6790257,1000000,17792725,0,161347408,31967183,17639465,18766270,34687283,42331277,14236160,13035533,11088097,5840045,2833815
20140207,961019446,105023518,60838839,28506248,200000,33523008,0,485707770,35987222,30963222,50077828,42607244,40772253,22145579,4982886,5777387,9381804,4524638
20140208,589227302,99977634,62961898,33097137,20000,25639080,0,139121268,10567487,34481900,28938606,50083957,57436383,18504722,12776012,3838687,7471820,4310711
20140209,705117872,113610100,62299564,25116247,3000000,24356906,0,267551194,1920551,28988280,51748131,47263653,49067975,5892457,6261599,8135120,5905279,4000816
20140210,1156243623,140305104,74022795,50735996,250000,26907914,0,477615467,53871831,37897029,77045015,62782098,86813443,21012311,20039617,12451062,8925116,5568825
20140211,1073355231,108884721,61752493,27372740,11000000,48320777,0,513806368,35331849,46662901,54073895,69343999,41243782,10582450,14496982,13981417,11733915,4766942
20140212,827889422,105736949,55282100,23279794,60000,39671266,0,247061317,35063716,36342700,77557366,83837714,84490944,10853587,8538334,5265166,9982883,4865586
20140213,897619307,100968403,55491682,39556792,1250000,25369122,0,373040846,38764798,32871230,52683201,82356381,54149841,10185809,9263551,9104991,8475236,4087424
20140214,861625218,109640805,40335865,28727170,163600000,43549587,0,177204899,25540068,63907968,68641345,64707293,40618727,6767510,10577026,7290884,6127345,4388726
20140215,423375925,89719528,34453914,17416601,100,21588291,0,95846807,22840389,23300933,14401385,43143014,18637804,13124344,6047313,10098364,7209033,5548105
20140216,676507036,108295510,35703502,39869433,1400000,25298443,0,219476266,22043970,8212846,83111216,53880686,36292751,8076025,10334874,11711487,6586125,6213902
20140217,1083851374,134032981,25043551,32155454,2080000,35470686,0,411283928,93105530,53167752,110073654,73294852,54967869,14072436,14804211,13169402,11100930,6028138
20140218,859611268,149990611,30237187,28094421,6430100,31542768,0,328483818,45919038,50943293,41751062,58577836,40261879,9235946,12138265,11698386,10109770,4196888
20140219,1076342724,118314237,41718431,35236796,501100,31840108,0,464379483,30832808,48295939,45496492,113552597,93343140,16835802,11434956,9253824,8469090,6837921
20140220,1069323623,122579652,48340318,35332370,47100000,32440810,0,427901065,20231915,42784916,71741288,79627796,66501935,26906994,17527303,12650925,13508904,4147432
20140221,777708588,95316336,61886871,23742052,540000,36132260,0,274330723,16887174,36328705,60871840,58102393,59281077,16719622,7320340,17063046,7610467,5575682
20140222,441799971,77687500,55764440,9915364,13000000,31612335,0,72970940,16905695,25478254,20513289,29790849,38443987,9992607,11008993,9687000,12401165,6627553
20140223,555429939,72672385,76751005,35209692,250000,40073026,0,95172646,12055524,32170822,31587629,63557589,53915459,5717864,8642293,13433290,8342947,5877768
20140224,1291458796,152362500,93962895,43964505,483841,43072710,0,523370087,29180078,89378596,85618037,92183157,72571281,13958434,17361083,15235538,11675134,7080920
20140225,1573899869,148076220,109522695,35599993,260000,37943332,0,833716279,44317940,56814241,82920907,68755635,94869692,11557312,17106502,14699543,11614648,6124930
20140226,1314047449,149586900,56827314,35231071,495000,41538855,0,650110932,39845142,72378713,52169748,92433245,60988333,14264468,21505279,12041552,7766200,6864697
20140227,1178223055,118354206,69227837,60165433,217000,31168039,0,470116356,47028823,75255159,57123772,91211737,69973211,33615133,21476586,14317691,11462165,7509907
20140228,1001438453,136793864,90222771,38174917,7870000,40150733,0,334500030,31201997,35777891,70523618,98382153,61597860,10673146,16823466,9438214,11896173,7411620
20140301,719031985,114713440,78346667,39135156,2000000,32591670,0,222920418,30500394,32927314,9432986,63063801,43832164,6462312,13456764,11297587,9626968,8724344
20140302,667168240,92696098,57317688,30311447,250000,34163615,0,206025246,36770178,15431448,38035609,50787334,59159802,3329005,10282722,11819140,12768288,8020620
20140303,1659150228,169279615,77677108,35614489,210000,52283576,0,855750178,54819224,88471386,80929834,98316034,73328613,30445708,10122338,13775415,10400719,7725991
20140304,1121666444,132020326,79777241,41186380,420000,36611119,0,506409625,35984050,44168019,24600860,75957382,87430193,14798028,8426475,12107904,11504749,10264093
20140305,1340659608,198391689,76847282,44591063,882000,33978250,0,604746282,46057885,80136915,51542750,65256250,81075981,14526790,8283392,15543322,8995110,9804647
20140306,1080141511,161451591,71902435,45861443,2815000,41305951,0,414753977,31931547,43164628,49672236,83058779,69992041,15532691,15141448,13880014,11904906,7772824
20140307,673792270,126933967,59867015,28099164,51000,41703779,0,164672304,5545015,7532522,62008550,51705354,69626590,11178898,15214516,9949088,10237503,9467005
20140308,662284575,78496842,64050493,37563987,5500000,56212747,0,175773206,28733876,40139235,21330043,56589326,46830019,6534318,15259600,9651537,10922483,8696863
20140309,816868008,98358213,56397085,19921639,3000000,43149882,0,272036160,30600045,65137057,58584438,66076720,50777359,9029757,10485166,12868670,13552588,6893229
20140310,1318576957,159219284,62967393,53579688,300000,39443025,0,570583084,29861877,47552157,75621193,85693705,111415950,18668147,24153045,15634304,16337932,7546173
20140311,1192108538,145927014,60416513,41637817,530000,38893206,0,498735278,42439038,42383393,70215950,95017420,87686088,16447533,15233231,14403207,15251498,6891352
20140312,1148117172,132553394,78620848,37279768,869900,43356829,0,465206575,41064858,51400136,82971028,75239269,79188173,10808776,13065662,14559936,14847243,7084777
20140313,1126126746,142261967,81021415,31968662,420000,36282056,0,484195472,37190060,55472174,44166830,77971276,62754659,20764088,16484462,14105982,11180587,9887056
20140314,937029733,115195839,63460095,41752204,1770000,33276250,0,276884139,27702232,48636842,52241972,96042174,113370345,14353202,13026714,14770546,14148388,10398791
20140315,988992648,123743945,35413550,33085800,0,28551078,0,407437160,49615041,55113906,52558303,68469795,48449025,19825730,26918731,16404551,12639793,10766240
20140316,877762638,103868534,36150414,34399725,202000,25724655,0,367222935,20070193,51492067,72769654,71977777,45706531,9999349,12265279,6958854,11323631,7631040
20140317,1304329533,152552159,49147451,39436370,710200,61758040,0,606173355,36076504,53937303,62354691,80157864,96940094,19218912,8935130,16000754,12618356,8312350
20140318,1212319810,149433898,56448538,32089566,651100,77836854,0,441615008,39299615,95058485,97799371,67244522,81702343,12461722,17477732,21239070,14509535,7452451
20140319,1122114777,156732942,52868428,49893176,40000,39522606,0,413994973,59440966,49459436,84811134,59244523,89249884,18311987,11803612,10697522,17311789,8731799
20140320,1005809366,151622910,44495386,41174996,150000,41811983,0,344528160,53016365,51792006,53486271,69127701,100314970,7477635,9639444,16291926,9368150,11511463
20140321,737559666,119796860,62106835,35593964,0,39355095,0,179364074,15408296,17935076,61382346,61121841,77835649,11393266,14112477,23554605,8971407,9627875
20140322,693819409,87535540,50824908,37073328,40000,35182287,0,280448798,19161096,17825181,43945370,40714762,31505936,8776322,10884038,9667873,12777841,7456129
20140323,745165215,76825681,76659999,41659040,500900,34333767,0,235767708,47537816,50297890,23781654,42915257,59883586,13736249,7528380,13569428,12289554,7878306
20140324,1461615384,107549008,99401291,37198763,100000,44294184,0,757453013,64560977,50841086,56143426,81851535,95922984,16075445,17920003,15968879,8163897,8170893
20140325,1328689434,153371852,97723159,42021421,140000,47962024,0,524828335,59167634,47067475,82945783,123608261,79657043,21295154,23213772,9612239,9945505,6129777
20140326,1109585503,114457451,45833016,29295366,725200,50693085,0,420889618,63387273,47206408,77909233,101749765,85749704,19325320,15454430,18856651,9656660,8396323
20140327,1222922504,111756484,63993901,37279871,70000,45003391,0,625857783,33192985,67870893,37838801,65480895,63748103,22982469,15426612,13181254,9785847,9453215
20140328,1066495631,130699071,65362705,45327971,2030000,32425700,0,348681933,49226266,50769524,77880640,108658548,79505280,20940005,17044953,15376232,12463872,10102931
20140329,748028107,99488252,38808029,28405374,100000,41491426,0,336188451,31077735,16170678,18171772,45824955,29990850,10179164,13211419,11704724,16692004,10523274
20140330,754729383,100321217,31146062,29446683,0,30162421,0,307311652,77901623,28933048,30103058,36939410,31179829,7756854,13069585,10699267,12224764,7533910
20140331,1474157772,179565479,60782180,52772986,140000,50290582,0,623057089,78191953,108012774,80071973,78290137,90939385,18567705,19921948,10351840,15947060,7254681
20140401,1093091222,147044276,79045242,41901448,220000,48464950,0,441546211,37686349,35012862,77747199,58040867,61062709,14760764,12548767,15662699,13925537,8421342
20140402,926693242,159692342,75240562,39941108,710000,55526913,0,325958946,25336981,53734279,48786139,42860646,39119303,11742979,13820316,14515322,12084840,7622566
20140403,852305388,120473293,83958453,41364423,1017000,51965166,0,285295563,6397717,16758526,43851472,50469095,78050411,20348087,15587698,12708486,13974707,10085291
20140404,623701916,112619514,73475397,29483420,185000,33647616,0,175534892,4405321,15412705,33033870,50780232,39106790,11039293,10536709,11512566,12895107,10033484
20140405,341894852,60521562,43909167,19570359,370000,30875380,0,35449191,14795081,6289166,10294674,36215274,28751218,12092025,11942790,10328705,11124052,9366208
20140406,456402127,79195311,48541395,19946872,0,29092692,0,137042388,13517961,4502268,22946921,31863158,28729763,6944610,9138686,5926947,10563081,8450074
20140407,782523603,135498791,56699923,26095113,0,31969161,0,319386513,22046825,10169944,32700029,32287953,54582354,17166217,13643244,14546379,8784928,6946229
20140408,991972881,134942568,84261287,42403828,901000,56706838,0,294930981,47951197,76714026,25833347,80335678,76458310,23483247,10687938,13780771,13770118,8811747
20140409,1064150564,130974714,86306616,44207487,220000,52343237,0,446723528,23288044,33430238,49265742,63161289,73792297,16351519,8372907,12663252,14227470,8822224
20140410,846163822,137007430,75914793,48467008,11570000,40093134,0,236000745,21597650,34169029,30523172,52958248,86945935,15435627,10954235,22146076,13170232,9210508
20140411,809807312,119738065,71740151,38467328,54390000,45373205,0,215518610,32563878,22573360,51031176,51978554,52885997,13945379,12460441,11579641,6708106,8853421
20140412,567002242,94544184,53625671,30731155,18650000,43002164,0,147224839,5971091,10577752,28485219,45254659,40581099,8235737,9028022,11332814,10486876,9270960
20140413,584200823,68338579,49958250,24110605,12000000,36397519,0,136841940,32686845,35252002,25369440,48244989,56092266,9871006,18946889,9728365,12400180,7961948
20140414,1118620195,103158371,56032119,43782517,300000,44486203,0,493244351,48885586,94952826,48732673,53628424,66052581,19054316,10020347,13170145,15414951,7704785
20140415,1040810671,174951578,57970021,58916160,2050000,50031976,0,359965922,32627917,24689569,74253202,67882142,67781039,20541844,8623938,19944849,11538424,9042090
20140416,869093271,129185338,30682949,41416372,1670000,48843887,0,364266901,26742669,19647912,28408034,51513711,69157559,12303783,11778096,12746325,14909311,5820424
20140417,851757988,133614682,38332918,33201272,3070000,55760891,0,359661811,21927521,39357368,36877535,41266286,41566368,9285515,10143191,9911725,9021031,8759874
20140418,751459635,123757915,41922709,37241481,1460000,56321100,0,235772960,4855070,31670099,48953689,55682876,47304585,15546968,9744469,13523370,17175054,10527290
20140419,560775750,105498682,46927999,30628109,1165000,35360760,0,163192555,5697221,22150235,19919600,40601668,25878691,9512488,12747260,14976518,15964713,10554251
20140420,663922816,107552070,56823645,33002036,800000,44071368,0,187564742,23955827,52682898,22469438,45211182,45515074,8774833,5465520,11839317,9825300,8369566
20140421,1062371043,165257296,119000749,32833139,5500000,55809150,0,367753549,15901481,50417390,58294147,61446072,62729581,18284819,14139462,12818845,13660630,8524733
20140422,905544882,121218301,71060430,39724288,350000,49253921,0,307144444,48121396,43693265,45920008,57639202,56737946,17372740,11457286,12142682,14072428,9636545
20140423,1054022740,126678121,113867730,54144710,1550000,41828454,0,358548437,38203433,51730581,31389763,78545730,61815349,19714558,36336926,17954948,10496127,11217873
20140424,944967766,166051372,86644613,32386104,6090000,42435489,0,288572038,31113226,48984011,36537451,73350903,63727657,17800337,16701200,16477455,9211209,8884701
20140425,863185856,141165670,103303103,34865926,4051000,48003605,0,229280285,31761109,31001937,40747260,60967584,66621157,13936676,15805650,12841058,20321420,8512416
20140426,480359471,81853465,50520345,16854793,50000,38295152,0,119408743,6646033,20507359,31719398,27343442,32988753,11071659,9620820,13126508,12090629,8262372
20140427,643976007,108570305,84986546,23342715,200000,37097540,0,168582549,15438472,51350321,14159272,39649255,49083531,9278012,12027307,10791817,8603420,10814945
20140428,1106383527,158527464,91025145,47230212,1205000,47988034,0,353918351,52797686,33923202,75100967,70499064,96482553,17594833,17825994,18183466,14783451,9298105
20140429,894370025,156428190,74046778,37431387,300000,48285123,0,240966456,33667826,53264996,57184316,56242494,69560687,10660841,15034804,17282733,13122742,10890652
20140430,761129230,124152642,74096105,53447926,1600000,40526056,0,146887215,33953425,44142483,42593624,56940190,49502711,14602448,17037864,27042976,21292825,13310740
20140501,353838677,65970316,59241255,20036438,3900000,28563369,0,40849972,2860450,6670066,9814905,16406741,47557392,6733629,11718150,8447844,15510401,9557749
20140502,388477236,81044488,44785113,17804665,100000,33948034,0,72085722,4612333,12736364,19898097,19519568,38736338,7851435,9266437,12280351,5949630,7858661
20140503,603591698,104236197,74527622,28039315,3500000,38611276,0,199286650,6160688,6246691,19164564,34892090,40863127,8910285,10898858,8847808,11444754,7961773
20140504,1055224546,128585088,104119995,78303004,401000,57792379,0,362177022,25988325,52573018,53514912,67692760,56642490,23130557,10856715,12052177,12839250,8555854
20140505,1008107208,156425925,80592899,45900572,59488812,47291444,0,279186138,36904085,31588894,66017863,73251523,66575682,19199342,14926107,8426844,14281581,8049497
20140506,1131318047,141185009,79364806,43043925,5460000,53939986,0,492929141,21312991,39132867,53696189,80364907,62412136,17235612,6723199,13952330,13383683,7181266
20140507,935810047,150536990,70769268,33834347,3950100,43975569,0,361906587,15809585,47904873,63390259,38498150,44555208,14203890,16444944,11992480,11402477,6635320
20140508,930169778,134293103,81006973,55788095,323800,38068679,0,358985372,36279813,37150796,42834172,45225871,58806885,5833335,7930218,9639299,11454304,6549063
20140509,663111696,126943933,73041850,40248923,16245300,42070672,0,122627797,25222956,31882402,38446921,31164132,54381172,8437630,22872826,10800270,10733722,7991190
20140510,421426911,82045164,64452961,41761670,5000,36073098,0,37319777,12670452,21038171,18075063,25164946,36297467,8083997,8438433,11308886,7515957,11175869
20140511,569188828,113655528,66842902,38878308,100000,49240336,0,122298038,18186633,22953311,16430758,26670829,40209026,14964333,9639918,10646724,9868981,8603203
20140512,1149138669,129301117,87928185,53951794,11060000,46530306,0,422095298,56155513,58732734,76891818,73155270,72261563,21763391,8622954,12950161,10411318,7327247
20140513,1029146114,137073388,72974653,41585542,2000000,58062726,0,359536557,60315564,59332448,56227904,56241924,66981544,13428009,10570320,16312878,11511038,6991619
20140514,1031829159,114103882,58013829,46804166,43010000,51203607,0,407583010,23512302,66839163,63191376,52683346,58877459,16716519,5308392,8637617,9832171,5512320
20140515,952913519,127192746,36653596,69268564,25700000,43780316,0,296497546,28761014,56132455,92920489,48058934,61984997,19118494,10672856,15292989,12507311,8371212
20140516,761267069,106241569,45972318,38759391,1300000,54122146,0,217110723,13016129,44262613,43029243,85741896,42902128,17334712,7713431,20738388,13720143,9302239
20140517,634493111,125155640,32131768,37369683,0,46856715,0,200724523,19087381,34955296,15427784,31549390,41795109,7168959,11621460,9810506,10892782,9946115
20140518,632326858,108204650,35302087,35336956,2005000,36007036,0,169869368,14185881,45745424,34369212,55619014,35337199,13115447,11549526,16886953,8424498,10368607
20140519,1253371215,157814744,50709933,58022387,9021600,57502078,0,511414086,21759371,77554560,77770838,99001306,72379436,15064339,12129496,14684609,10652523,7889909
20140520,1058700731,139972713,56293245,49230894,600000,52119288,0,421036523,53764491,28345247,72102230,56411719,61346465,15721536,13407617,15264828,13748728,9335207
20140521,842564229,149117778,74796138,60033752,2010000,47024207,0,203875842,36757747,40134963,64379551,37636826,61263631,14649292,20760948,12849215,9676360,7597979
20140522,847421768,151610188,75650480,40288079,7100000,49417114,0,232833899,53682525,51301209,52410246,32374656,54294999,8751956,11433322,9823483,8524339,7925273
20140523,672341659,141141690,72850314,31270700,20000,45268080,0,140310954,24345744,34068653,33344471,45059661,43777844,10147049,14456011,15460613,11230960,9588915
20140524,594191835,107724907,70247120,19693110,240100,38916579,0,141828844,15164486,22966224,33945876,40947921,40637008,13404452,15825553,9792182,11415923,11441550
20140525,683904643,91484927,69209798,21077773,2000000,38599671,0,247746443,25723919,32042774,29718822,33994356,38792455,10824401,16340133,7500685,10155565,8692921
20140526,1131983595,183290402,79248745,50233514,26200000,57931768,0,443432467,38889049,37396184,21780564,50403958,61575998,32688006,19136219,8789387,10439068,10548266
20140527,852759024,141223780,70232801,30830861,3250000,53121021,0,185967271,54897295,51964770,94892880,38041513,66427872,15191438,13221388,14118417,11561234,7816483
20140528,1069478302,146974389,78292515,43266323,3800000,52713155,0,404248331,44524637,56573525,55357295,47506154,78915599,14900940,11608823,8199968,13943403,8653245
20140529,929565855,166015847,80861086,61209932,5500000,42528562,0,249759347,74951634,29820550,34646948,53930546,58197077,14569337,18934023,11007399,17663796,9969771
20140530,821674693,138207352,57330492,59793373,6100000,43507083,0,192980822,49913816,26810990,48910501,66778155,62712408,17002386,12086006,15527840,12960645,11052824
20140531,486335199,98583365,39291189,30476013,10000,38652212,0,51311480,23835861,18611498,31329234,46764326,46626235,12192498,10765829,14547009,11965902,11372548
20140601,510179061,84524611,63998817,34287082,0,35524841,0,125038439,25143436,12677246,14389450,29149407,34996747,11403021,11851176,4362977,12969158,9862653
20140602,526313376,89026200,62318453,16432319,100000,35455152,0,74237767,30841404,29671127,51063527,38126536,47907599,8207042,8363717,11218772,14192139,9151622
20140603,1262849834,153040393,98792158,44638966,3500000,54225305,0,573956468,24904860,56655627,38813962,68531030,73257521,21200844,17844946,16455542,9606338,7425874
20140604,1011805928,168533367,104115887,51509769,2050900,54358715,0,359061172,26696498,34131791,25027737,78442463,45270994,11647695,17630141,11023239,12223965,10081595
20140605,956689776,165098968,77613655,48821595,98600000,44828545,0,247679202,51261034,20406013,27076705,41318511,71712025,12135793,13270725,17986250,11981469,6899286
20140606,840725163,129138867,78740105,46358259,1000000,57538721,0,218501254,52046127,26603479,46369673,37728907,82955079,18606429,13845866,10576680,12423342,8292375
20140607,520236581,97990788,57624198,38834048,2120000,35212939,0,85289858,17151336,22179955,25941361,32807807,51148441,14679201,12126023,8633232,10179959,8317435
20140608,539414916,97553451,69138033,34238055,0,34177981,0,155151816,7991438,5754548,2132134,38789132,37796035,11309558,13625976,12330683,10532165,8893911
20140609,991554728,133855934,73050738,68914234,0,47021679,0,275881953,43949795,37888950,70937801,81442222,74850906,16273752,18930775,25179736,16171918,7204335
20140610,958028076,140549540,79422176,57628516,1800000,49681700,0,319505034,16733032,42575490,44326193,50226020,71919232,31349591,20435718,13320932,10213943,8340959
20140611,849220391,156098967,66957512,42539218,370000,49475782,0,223670634,16392888,25246746,64140006,69943747,69853362,18912765,11968286,12482356,11406136,9761986
20140612,878073690,137726682,64223421,73415871,63030000,40639432,0,168686634,43131002,54262052,35601761,54698319,71121069,16177181,13448575,18272014,12621002,11018675
20140613,711304989,128345144,76443046,37017466,2900000,51117942,0,172826187,30354316,12293079,28060410,64302543,57157114,9976990,10144949,13142953,8329578,8893272
20140614,584584153,120486034,42608343,30682541,25000,31778201,0,187949548,10287550,36837762,5923334,29490868,39264338,6096589,6498094,14697829,11949459,10008663
20140615,647180585,100852118,52694980,28510108,50000,36848566,0,215252775,10448297,6471978,26767260,52632929,51514260,13650239,15957673,10897152,13707010,10925240
20140616,1115064026,144224315,59490316,65998274,1000000,54314512,0,453241520,25187521,52488499,88175975,57023080,61047472,12817171,11125422,9257676,10246216,9426057
20140617,1130015079,130467344,53130084,42573920,42517138,59371512,0,472957746,40930426,32573535,46708206,67824615,71727903,17312075,14406593,14069821,14549366,8894795
20140618,1249375149,138991421,36112646,44361878,110000,71007685,0,512042344,36000917,52402461,97565040,111230770,69485990,16631091,23217452,16369828,14731395,9114231
20140619,1125610758,141532481,54472169,44819215,1700000,69582462,0,492996886,6921219,23326816,66572426,60568136,86455970,21504793,11432064,15121483,19892954,8711684
20140620,1015111194,165388019,75734876,45350144,1900000,51567807,0,315701830,40241926,18206904,75664448,79276273,67829298,22727074,13957406,13703189,16060751,11801249
20140621,621729256,109362064,54282703,32356997,10000,40793878,0,175707593,7313077,8330571,35744291,44553513,51911565,16222788,9414679,14275752,11508105,9941680
20140622,694468262,115411799,54183082,38683866,0,33964786,0,211591217,20821034,11246722,45288339,44584763,65010696,10871368,9749325,10840311,13027212,9193742
20140623,1468797041,159982693,84481315,53733157,100000,44320592,0,675042877,46130461,58788733,100362470,77092740,94815931,11150600,18880569,16710165,17110523,10094215
20140624,1487077921,194559751,93702285,30067016,72800000,60273949,0,584000690,45728453,36620900,90304571,108917925,100587868,13459040,11261262,19030972,16211930,9551309
20140625,1273672648,160130080,117606706,37915173,19300000,52181427,0,431382972,77856972,61712567,56109755,94146231,92198350,17036518,18982540,17524797,11832147,7756413
20140626,1334529832,179180552,82581612,39806651,27500000,64624878,0,519539474,71966515,44021096,70933254,91094808,83339719,14069829,11972548,12853400,13215394,7830102
20140627,1079126114,179442358,56888136,32307667,19350000,50216936,0,385378730,31556908,21894243,64730350,89522255,68572341,19067243,19996348,14383332,14825195,10994072
20140628,746553542,149398400,60074697,39307033,0,42770017,0,153170935,19085963,41604490,77134341,52100999,48758299,10302478,17067983,12831137,11609595,11337175
20140629,931620037,159043638,57523858,39313523,1000200,45170767,0,265906622,10727466,69736520,34583984,90298358,65619545,31402108,14664832,24435298,12196313,9997005
20140630,1513804836,204279809,69826228,64220358,11000200,63738147,0,542589453,70618752,90111832,99010452,88189347,119151529,18299183,20785804,22753430,14908129,14322183
20140701,1152439615,183939645,83342920,55118589,7000200,56693798,0,300618549,38195831,62856855,75642921,93301778,109205121,21671229,21442697,18976143,12150691,12282648
20140702,1238475458,142276867,81254531,77254569,6000000,54544163,0,443695109,46566850,59282117,86736060,84970813,78293017,11889389,30450277,11683627,13561102,10016967
20140703,1065113399,131483120,74917582,70785778,20730000,41422347,0,332086403,67276012,50604870,63202573,58756644,74548081,14948820,13579541,21122558,20313718,9335352
20140704,721247030,153432354,68020805,46440271,2125200,59659363,0,85937986,41121701,39952935,26328504,44712927,84919205,14779207,12872014,21825084,11225349,7894125
20140705,632298301,114144984,61079535,35080972,200000,45845110,0,140450684,21209834,39815131,23732863,29566977,50013778,11871972,22020026,13063564,14001623,10201248
20140706,550798204,79851352,52938623,35332476,300000,37045783,0,93410943,30994157,34850518,23708899,55150233,49590474,3027493,15382070,16401393,13474533,9339257
20140707,1064665636,150213163,106061724,58333075,400000,49920897,0,302434662,59385397,49015879,84332157,53523506,85417614,10553491,16704383,16272558,11632195,10464935
20140708,1013498905,157124939,76191507,41922324,37300000,50242216,0,315791896,25748001,46797258,76904498,59842942,54868559,19907892,16229828,17387594,10269591,6969860
20140709,1228887069,145572057,80189619,54101316,1510000,55326954,0,484458320,59936819,38397645,86435487,70827083,76797108,20980344,14816302,11952971,16022184,11562860
20140710,1064396479,152460845,97873415,47633293,6580300,51602409,0,210241498,85173289,55919565,103330837,84938621,91849413,13345941,24153377,16250280,15515427,7527969
20140711,733882032,110048866,79227798,50394483,3200200,45652774,0,174294515,27744246,41531982,44204886,27674163,63201331,11465437,11492216,19144878,15169133,9435124
20140712,633273805,97009279,57691473,45479739,5080000,47129954,0,199789053,18092939,23522062,21023569,31156070,43945003,10638856,5718439,6392177,10401313,10203879
20140713,556986336,95250121,64817423,35067349,1000000,44417740,0,92227777,29975421,22815153,19528694,38621531,48497405,7619615,16432786,21499559,10358382,8857380
20140714,1129795152,158695093,83875029,52839818,3500000,44553434,0,422373492,19165144,36616993,67873809,85748198,70106199,21173278,19866026,20376230,14511401,8521008
20140715,926324069,133516979,57516774,37309239,23832000,44411846,0,326979807,20625766,37999298,57377936,58959648,55425666,17582582,16266213,19087549,10478511,8954255
20140716,933710356,141236544,54534882,56203781,23072000,42287377,0,275368032,26071325,60619640,54038624,66238011,53225032,21312051,14426503,23952654,12113984,9009916
20140717,1018760950,116184191,37115686,48858907,87100000,48781534,0,367472786,58379251,31907641,33834252,67936205,60342889,9965367,12766089,17621169,12192727,8302256
20140718,830952813,162434914,53585113,47847037,120000,41918414,0,220853967,31835501,42558406,62831076,49323736,51169404,7721968,11995848,23055270,14016703,9685456
20140719,632613700,107417150,35405989,42405826,300000,43411962,0,182386033,19871820,32450462,21527385,38400109,59512463,5553116,9390777,12499332,14184040,7897236
20140720,719839198,87714527,69773424,48718594,0,37626577,0,229444308,16772535,26038276,44957265,33605934,59841070,6754626,19911742,14664575,15359226,8656519
20140721,1190369958,156847499,78967846,63094976,100000,56504118,0,417894980,67703174,40970577,61087867,86221102,92253062,16177314,14843963,15101877,14241930,8359673
20140722,1312410471,165666604,82208454,62278838,87822000,52376514,0,522845061,44837380,31665477,43674032,62405326,78222484,16791483,25206808,15790715,13418678,7200617
20140723,1116484141,187737733,66100759,45689578,16210000,63224693,0,283811523,101220101,55261501,55861919,96536684,78422883,18733388,9104497,15548246,13630152,9390484
20140724,1125162507,135393196,101620926,60680699,65010000,54247660,0,316407813,43035865,43547591,60608457,90994362,91602741,13462948,15982940,13330592,11407295,7829422
20140725,711686622,97050013,93335474,66555747,33000000,42787894,0,87946753,16321295,20813140,48896511,54837106,76836582,16743346,15209773,15431545,16047356,9874087
20140726,578280477,103142369,61072021,38215973,3201000,42353346,0,72272659,24827066,26150763,31692354,47483582,59636625,16916660,15805090,12013041,15216328,8281600
20140727,607609483,120432886,68954952,32485044,5900000,41572826,0,122625824,17319169,18266025,31341581,32911127,55494952,17564401,10871567,10450976,12511039,8907114
20140728,1203257220,149175354,84034210,62288551,57400000,51039219,0,374615727,75036570,48227158,73262947,72090519,74656571,22979016,16651795,23041960,10103545,8654078
20140729,853300674,126534228,46118419,57976257,901000,48633337,0,267027653,24991673,27049171,44243664,65755323,63498365,22012008,21152705,15674267,13731408,8001196
20140730,935698563,148855144,63337481,50701474,21426343,53103855,0,253461641,48098839,36695972,63781023,80081038,51493240,16877315,12534724,15258837,11435730,8555907
20140731,1135234949,153801849,64914191,50490024,60980000,53807499,0,381949444,38142936,59903606,49649527,87081206,51537930,23936553,16703353,13453307,20855474,8028050
20140801,870055896,171526338,79746579,65867369,17800000,44300088,0,201251181,24653554,44473404,44132208,29544568,76757083,18319072,14569575,13436132,12053517,11625228
20140802,490901486,68753058,61507618,48574631,2000000,50401412,0,94943475,4731509,20846954,26652193,20493845,38005646,11298975,7969816,9871945,15073044,9777365
20140803,662743001,69551437,71406762,45724659,10000,42388835,0,209939297,5592919,39216873,16503719,52151772,44173007,15814027,14330683,16371792,12262636,7304583
20140804,884036613,124675446,77289733,76052202,4350000,59072089,0,162984927,37117346,66224671,53310047,49723274,92509463,18512774,21722816,14914279,13996905,11580641
20140805,897361213,109690601,80102576,52980904,52570000,50055885,0,200474923,43540581,58730953,51827777,61436750,64922829,15471157,16168337,12038459,17995162,9354319
20140806,947075352,121876933,90022567,55851381,2550000,47840305,0,320384765,19893400,28944286,39185845,57902247,85456794,22983711,10428107,21771479,12936577,9046955
20140807,882729873,116451848,79036351,47848970,32326000,47294872,0,252037567,30137024,23367234,50332368,62565233,75910827,16271679,5650741,18852193,16350205,8296761
20140808,851218048,115042769,70973627,56058076,33260000,49118766,0,211044748,46184835,24996031,43992763,52299871,72498184,22937058,12016932,15800640,15125947,9867801
20140809,484325037,93980440,46162069,49072642,2192000,45654019,0,55576907,12826083,24195093,26035278,38637830,39160079,5003206,9415594,15175338,12037577,9200882
20140810,580817826,76366749,70216044,40045442,760000,38841057,0,148512032,20615914,28196578,22397992,22752392,53320195,13617481,10037000,15455344,11636916,8046690
20140811,984754135,146591956,74372739,50898814,24931000,54602819,0,282794078,29551195,31003388,49817128,92810270,76631103,11839287,15203911,15606790,15315894,12783763
20140812,920748714,108651704,74313455,45200799,11111200,70808370,0,320248646,34820637,24269511,51254526,60818884,54639019,20488566,11955220,13845680,9118698,9203799
20140813,975119140,128961279,63393736,59092823,1600000,51842461,0,321139421,29892270,30800228,76298413,95462929,49342809,20676543,11712925,11864944,15516058,7522301
20140814,705762970,110484844,49626416,42741132,4888000,40066528,0,168855946,19199656,35755985,51266882,50439180,61600838,14871069,17849344,15308435,13936383,8872332
20140815,884441565,109768094,52200922,60381079,3880000,46369601,0,292491429,16876923,22666129,39197409,101879365,70781670,17204386,10503559,13859933,13293571,13087495
20140816,566391077,104184040,48163716,49877329,800000,48492233,0,107348176,23359692,19315558,13790429,32931242,50224487,10434940,13203496,15421246,15752954,13091539
20140817,585473885,133861520,39995333,44275935,906000,41884106,0,124302398,5631247,47254230,13118032,40722074,37535426,9757693,6704277,16551987,11940833,11032794
20140818,922452477,166336982,58890277,56959821,3101000,86373585,0,231187301,16570263,50397343,19699496,57587537,91947927,14811710,20584460,17027412,21784826,9192537
20140819,855032325,76993528,61130966,51050187,51573000,118671705,0,231186162,7885642,21080787,50276312,64418839,48147822,16286095,15121927,17458371,13097303,10653679
20140820,943317343,96885437,84569187,54822407,981000,147973856,0,259602059,13168094,39592220,63516288,64286670,50139488,10965968,16806613,11900144,16464894,11643018
20140821,839713550,95314863,75322672,76770448,5540000,122225251,0,156295658,15357696,53440959,44255497,58741688,57457589,14483516,15304139,26768089,12323201,10112284
20140822,835619837,103599383,87403590,61963832,1500000,122488447,0,199723756,19327127,34874729,41446537,31997269,59218388,15255910,18189695,16041121,14335092,8254961
20140823,656975450,83730139,92643057,49247436,103200,125086060,0,106532874,13928743,12290163,17420022,43849969,51389092,13949803,7585419,9901375,16830149,12487949
20140824,701666873,78978094,107309146,41434063,5211000,103731287,0,144336968,19535609,26556575,28746731,33784052,48759497,6279993,13312695,20279149,13658066,9753948
20140825,1094037469,124032737,102928381,43972422,8990000,157333698,0,306855376,41391886,26278535,48787637,70852651,82426728,18391714,21482317,11765206,18812250,9735931
20140826,1111797355,91358829,73216320,53955375,5591000,144052114,0,433705525,28927302,44526323,44335278,56787417,58210348,15998141,8298465,21157506,21094493,10582919
20140827,1300270662,123127330,88342585,75382337,65750000,118833239,0,494924638,50549308,45163764,39254975,60262450,62083046,18364446,13249497,16994341,18822424,9166282
20140828,1149305485,115074028,89843505,64201027,12750000,149159918,0,323579788,33866356,44146657,58992413,93579164,84933522,19512010,11902138,17434032,19522600,10808327
20140829,991031071,120768291,64452230,67735826,3700000,155314053,0,248425299,9630981,47162204,65351991,56685560,67956228,19353007,17459939,14558542,18790037,13686883
20140830,702002710,84289315,51812162,31033326,74835509,127132973,0,96639672,20648778,13899384,29589379,59082295,44385583,7166516,12947531,14718755,19831879,13989653
20140831,758726116,94574934,62724414,57501492,6217678,126175285,0,173794950,19186697,52784332,28881809,20148453,44788627,11373773,14398978,15338115,18961762,11874817
